imagen,nombre,precio_dolares,precio_soles,link,stock
https://www.sercoplus.com/24767-home_default/mouse-xtech-xtm-195-usb.jpg,MOUSE XTECH XTM-195 USB,3.0,11.64,https://www.sercoplus.com/mouse-usb/6495-mouse-xtech-xtm-195-usb.html,20
https://www.sercoplus.com/30196-home_default/mouse-pad-teros-te5152n.jpg,MOUSE PAD TEROS TE5152N,4.0,15.52,https://www.sercoplus.com/pad-mouse/13709-mouse-pad-teros-te5152n.html,2
https://www.sercoplus.com/20727-home_default/mouse-logitech-m90-usb-ng.jpg,MOUSE LOGITECH M90 1000 DPI USB NEGRO,5.0,19.4,https://www.sercoplus.com/mouse-usb/4056-mouse-logitech-m90-usb-ng.html,9
https://www.sercoplus.com/15359-home_default/mouse-logitech-m110-optico-usb-black-910-005493.jpg,MOUSE LOGITECH M110 OPTICO USB BLACK,6.0,23.28,https://www.sercoplus.com/mouse-usb/10917-mouse-logitech-m110-optico-usb-black-910-005493.html,20
https://www.sercoplus.com/16589-home_default/mouse-inalambrico-xtech-xtm-310gn-2-4-gh.jpg,MOUSE INALAMBRICO XTECH XTM-310GN 2.4 GHZ VERDE.,6.5,25.22,https://www.sercoplus.com/mouse-inalambrico/11260-mouse-inalambrico-xtech-xtm-310gn-2-4-gh.html,20
https://www.sercoplus.com/30365-home_default/pad-mouse-logitech-anti-salpicadura-ros.jpg,"PAD MOUSE LOGITECH ANTI SALPICADURA, ROSE",7.4,28.71,https://www.sercoplus.com/pad-mouse/13569-pad-mouse-logitech-anti-salpicadura-ros.html,12
https://www.sercoplus.com/29427-home_default/pad-mouse-logitech-anti-salpicaduras-bl.jpg,"PAD MOUSE LOGITECH ANTI SALPICADURAS, BLUE, GREY",8.0,31.04,https://www.sercoplus.com/pad-mouse/13567-pad-mouse-logitech-anti-salpicaduras-bl.html,6
https://www.sercoplus.com/29428-home_default/pad-mouse-logitech-anti-salpicadiras-gr.jpg,"PAD MOUSE LOGITECH ANTI SALPICADIRAS, GRAPHITE.",8.0,31.04,https://www.sercoplus.com/pad-mouse/13568-pad-mouse-logitech-anti-salpicadiras-gr.html,11
https://www.sercoplus.com/30314-home_default/pad-mouse-halion-mp-14-35-x-15-x-3cm-r.jpg,"PAD MOUSE HALION MP-14, 35  x 25 x 3cm, RGB",8.9,34.53,https://www.sercoplus.com/pad-mouse/13735-pad-mouse-halion-mp-14-35-x-15-x-3cm-r.html,16
https://www.sercoplus.com/20676-home_default/mouse-logitech-m170-wireless-black.jpg,MOUSE LOGITECH M170 WIRELESS BLACK,9.0,34.92,https://www.sercoplus.com/mouse-inalambrico/7959-mouse-logitech-m170-wireless-black.html,20
https://www.sercoplus.com/20678-home_default/mouse-logitech-m170-wireless-blue.jpg,MOUSE LOGITECH M170 WIRELESS BLUE,9.0,34.92,https://www.sercoplus.com/mouse-inalambrico/7960-mouse-logitech-m170-wireless-blue.html,10
https://www.sercoplus.com/25441-home_default/mouse-logitech-m170-wireless-gray-910-005334.jpg,MOUSE LOGITECH M170 WIRELESS GRAY,9.0,34.92,https://www.sercoplus.com/mouse-inalambrico/10920-mouse-logitech-m170-wireless-gray-910-005334.html,10
https://www.sercoplus.com/20666-home_default/mouse-logitech-m105-usb-rojo.jpg,MOUSE LOGITECH M105 USB ROJO,9.0,34.92,https://www.sercoplus.com/mouse-usb/11195-mouse-logitech-m105-usb-rojo.html,4
https://www.sercoplus.com/20669-home_default/mouse-logitech-m105-usb-white.jpg,MOUSE LOGITECH M105 USB WHITE,9.0,34.92,https://www.sercoplus.com/mouse-usb/11196-mouse-logitech-m105-usb-white.html,16
https://www.sercoplus.com/25519-home_default/mouse-gaming-halion-tokio-ha-m607-rgb.jpg,MOUSE GAMING HALION TOKIO HA-M607 RGB,9.0,34.92,https://www.sercoplus.com/mouse-gaming/12719-mouse-gaming-halion-tokio-ha-m607-rgb.html,3
https://www.sercoplus.com/11705-home_default/mouse-pad-gaming-hyperx-fury-s-m-36-x-30.jpg,MOUSE PAD GAMING HYPERX FURY S M 360 x 300mm,9.8,38.02,https://www.sercoplus.com/pad-mouse/9780-mouse-pad-gaming-hyperx-fury-s-m-36-x-30.html,7
https://www.sercoplus.com/25529-home_default/mouse-gaming-halion-rocker-ha-m534.jpg,MOUSE GAMING HALION ROCKER HA-M534 RGB,10.0,38.8,https://www.sercoplus.com/mouse-gaming/12723-mouse-gaming-halion-rocker-ha-m534.html,4
https://www.sercoplus.com/10654-home_default/mouse-wireless-microsoft-1850-magenta.jpg,MOUSE WIRELESS MICROSOFT 1850 MAGENTA,10.0,38.8,https://www.sercoplus.com/mouse-inalambrico/8445-mouse-wireless-microsoft-1850-magenta.html,7
https://www.sercoplus.com/10650-home_default/mouse-wireless-microsoft-1850-celeste.jpg,MOUSE MICROSOFT WIRELESS MOBILE 1850 CELESTE,10.0,38.8,https://www.sercoplus.com/mouse-inalambrico/8444-mouse-wireless-microsoft-1850-celeste.html,6
https://www.sercoplus.com/20680-home_default/mouse-logitech-m170-wireless-red.jpg,MOUSE LOGITECH M170 WIRELESS RED,10.0,38.8,https://www.sercoplus.com/mouse-inalambrico/7961-mouse-logitech-m170-wireless-red.html,1
https://www.sercoplus.com/32819-home_default/mouse-optico-inalambrico-microsoft-mobile-1850-1000dpi-receptor-usb-2-4ghz-red-u7z-00031.jpg,MOUSE WIRELESS MICROSOFT 1850 ROJO,10.0,38.8,https://www.sercoplus.com/mouse-inalambrico/7718-mouse-optico-inalambrico-microsoft-mobile-1850-1000dpi-receptor-usb-2-4ghz-red-u7z-00031.html,7
https://www.sercoplus.com/20682-home_default/mouse-logitech-m185-wireless-black-silve.jpg,MOUSE LOGITECH M185 WIRELESS BLACK/SILVE,12.0,46.56,https://www.sercoplus.com/mouse-inalambrico/10684-mouse-logitech-m185-wireless-black-silve.html,20
https://www.sercoplus.com/20690-home_default/mouse-logitech-m185-wireless-red.jpg,MOUSE LOGITECH M185 WIRELESS RED,12.0,46.56,https://www.sercoplus.com/mouse-inalambrico/11516-mouse-logitech-m185-wireless-red.html,8
https://www.sercoplus.com/20686-home_default/mouse-logitech-m185-wirelles-blue.jpg,MOUSE LOGITECH M185 WIRELESS BLUE,12.0,46.56,https://www.sercoplus.com/mouse-inalambrico/11517-mouse-logitech-m185-wirelles-blue.html,10
https://www.sercoplus.com/20694-home_default/mouse-logitech-m190-wireless-full-size-c.jpg,MOUSE LOGITECH M190 WIRELESS FULL SIZE CHARCOAL,12.0,46.56,https://www.sercoplus.com/mouse-inalambrico/11622-mouse-logitech-m190-wireless-full-size-c.html,17
https://www.sercoplus.com/20698-home_default/mouse-logitech-m190-wireless-full-size-r.jpg,MOUSE LOGITECH M190 WIRELESS FULL SIZE RED,12.0,46.56,https://www.sercoplus.com/mouse-inalambrico/11623-mouse-logitech-m190-wireless-full-size-r.html,20
https://www.sercoplus.com/27583-home_default/pad-mouse-razer-sphex-v3-small-hard-blac.jpg,PAD MOUSE RAZER SPHEX V3 SMALL HARD BLACK,12.0,46.56,https://www.sercoplus.com/pad-mouse/13104-pad-mouse-razer-sphex-v3-small-hard-blac.html,3
https://www.sercoplus.com/30458-home_default/kit-teclado-y-mouse-halion-gamer-draco-h.jpg,KIT TECLADO Y MOUSE HALION GAMER DRACO HA-518C LED,12.0,46.56,https://www.sercoplus.com/kit-teclado-y-mouse-gaming/13767-kit-teclado-y-mouse-halion-gamer-draco-h.html,20
https://www.sercoplus.com/29320-home_default/kit-halion-ha-k230c-teclado-y-mouse-inal.jpg,KIT HALION HA-K210W TECLADO Y MOUSE INAL,13.5,52.38,https://www.sercoplus.com/kit-teclado-y-mouse-wireles/13527-kit-halion-ha-k230c-teclado-y-mouse-inal.html,11
https://www.sercoplus.com/20437-home_default/2445.jpg,KIT TECLADO + MOUSE LOGITECH MK120 USB,14.0,54.32,https://www.sercoplus.com/kit-teclado-y-mouse/2445-2445.html,20
https://www.sercoplus.com/17818-home_default/mouse-inalambrico-hp-x3000.jpg,MOUSE INALAMBRICO HP X3000,14.0,54.32,https://www.sercoplus.com/mouse-inalambrico/6545-mouse-inalambrico-hp-x3000.html,1
https://www.sercoplus.com/15194-home_default/genius-teclado-y-mouse-km-200-usb.jpg,KIT GENIUS TECLADO + MOUSE KM 200 USB,14.0,54.32,https://www.sercoplus.com/kit-teclado-y-mouse/10799-genius-teclado-y-mouse-km-200-usb.html,20
https://www.sercoplus.com/20634-home_default/mouse-inalambrico-logitech-m187-mini-neg.jpg,MOUSE INALAMBRICO LOGITECH M187 MINI NEGRO,14.0,54.32,https://www.sercoplus.com/mouse-inalambrico/11093-mouse-inalambrico-logitech-m187-mini-neg.html,17
https://www.sercoplus.com/20626-home_default/mouse-inalambrico-logitech-m187-mini-azu.jpg,MOUSE INALAMBRICO LOGITECH M187 MINI AZUL,14.0,54.32,https://www.sercoplus.com/mouse-inalambrico/11094-mouse-inalambrico-logitech-m187-mini-azu.html,20
https://www.sercoplus.com/20630-home_default/mouse-inalambrico-logitech-m187-mini-blu.jpg,MOUSE INALAMBRICO LOGITECH M187 MINI LIGHT BLUE,14.0,54.32,https://www.sercoplus.com/mouse-inalambrico/11200-mouse-inalambrico-logitech-m187-mini-blu.html,20
https://www.sercoplus.com/20638-home_default/mouse-inalambrico-logitech-m187-mini-pin.jpg,MOUSE INALAMBRICO LOGITECH M187 MINI PINK,14.0,54.32,https://www.sercoplus.com/mouse-inalambrico/11201-mouse-inalambrico-logitech-m187-mini-pin.html,8
https://www.sercoplus.com/23103-home_default/mouse-inalambrico-logitech-m187-mini-cor.jpg,MOUSE INALAMBRICO LOGITECH M187 MINI CORAL,14.0,54.32,https://www.sercoplus.com/mouse-inalambrico/12216-mouse-inalambrico-logitech-m187-mini-cor.html,4
https://www.sercoplus.com/23991-home_default/pad-mouse-logitech-g240-cloth-medium-bla.jpg,PAD MOUSE LOGITECH G240 CLOTH MEDIUM BLACK,14.0,54.32,https://www.sercoplus.com/pad-mouse/12412-pad-mouse-logitech-g240-cloth-medium-bla.html,5
https://www.sercoplus.com/29434-home_default/pad-mouse-logitech-anti-salpicadura-lav.jpg,"PAD MOUSE LOGITECH ANTI SALPICADURA, LAVANDA",14.4,55.87,https://www.sercoplus.com/pad-mouse/13570-pad-mouse-logitech-anti-salpicadura-lav.html,3
https://www.sercoplus.com/25589-home_default/kit-teclado-y-mouse-gamer-halion-stuka-h.jpg,KIT TECLADO Y MOUSE GAMER HALION STUKA HA-855C,14.4,55.87,https://www.sercoplus.com/kit-teclado-y-mouse-gaming/12735-kit-teclado-y-mouse-gamer-halion-stuka-h.html,1
https://www.sercoplus.com/29440-home_default/pad-mouse-logitech-anti-salpicaduras-ro.jpg,"PAD MOUSE LOGITECH ANTI SALPICADURAS, ROSE",14.9,57.81,https://www.sercoplus.com/pad-mouse/13572-pad-mouse-logitech-anti-salpicaduras-ro.html,1
https://www.sercoplus.com/15070-home_default/kit-teclado-mouse-gamer-halion-kraken.jpg,KIT TECLADO + MOUSE GAMER HALION KRAKEN,15.0,58.2,https://www.sercoplus.com/kit-teclado-y-mouse-gaming/8220-kit-teclado-mouse-gamer-halion-kraken.html,20
https://www.sercoplus.com/17666-home_default/kit-teclado-y-mouse-gamer-halion-ha-515c.jpg,KIT TECLADO Y MOUSE GAMER HALION HA-515C ODIN 3 COLORES,15.2,58.98,https://www.sercoplus.com/kit-teclado-y-mouse-gaming/11427-kit-teclado-y-mouse-gamer-halion-ha-515c.html,10
https://www.sercoplus.com/30207-home_default/combo-gamer-3-en-1-custer-ha-407c-halion.jpg,"COMBO GAMER 3 EN 1 CUSTER HA-407C HALION, LED",16.0,62.08,https://www.sercoplus.com/kit-teclado-mouse-y-parlante/13713-combo-gamer-3-en-1-custer-ha-407c-halion.html,9
https://www.sercoplus.com/20280-home_default/kit-antryx-teclado-y-mouse-inalambrico-d.jpg,KIT ANTRYX TECLADO Y MOUSE INALAMBRICO DS-WS960,16.0,62.08,https://www.sercoplus.com/kit-teclado-y-mouse/11883-kit-antryx-teclado-y-mouse-inalambrico-d.html,10
https://www.sercoplus.com/16807-home_default/pad-mouse-gaming-antryx-accura-33-rgb.jpg,PAD MOUSE GAMING ANTRYX ACCURA 33 RGB,16.0,62.08,https://www.sercoplus.com/pad-mouse/11286-pad-mouse-gaming-antryx-accura-33-rgb.html,8
https://www.sercoplus.com/20709-home_default/mouse-logitech-m280-wireless-gray.jpg,MOUSE LOGITECH M280 WIRELESS GRAY,16.0,62.08,https://www.sercoplus.com/mouse-inalambrico/10923-mouse-logitech-m280-wireless-gray.html,1
https://www.sercoplus.com/20703-home_default/mouse-logitech-m280-wireless-blue.jpg,MOUSE LOGITECH M280 WIRELESS BLUE,16.0,62.08,https://www.sercoplus.com/mouse-inalambrico/10922-mouse-logitech-m280-wireless-blue.html,19
https://www.sercoplus.com/15273-home_default/mouse-microsoft-souris-bluetooth-2-4-ghz.jpg,MOUSE MICROSOFT SOURIS BLUETOOTH 2.4 Ghz,16.0,62.08,https://www.sercoplus.com/mouse-bluetooth/10815-mouse-microsoft-souris-bluetooth-2-4-ghz.html,18
https://www.sercoplus.com/15269-home_default/mouse-microsoft-souris-bluetooth-2-4-ghz.jpg,MOUSE MICROSOFT SOURIS BLUETOOTH 2.4 Ghz,16.0,62.08,https://www.sercoplus.com/mouse-bluetooth/10814-mouse-microsoft-souris-bluetooth-2-4-ghz.html,20
https://www.sercoplus.com/15265-home_default/mouse-microsoft-souris-bluetooth-2-4-ghz.jpg,MOUSE MICROSOFT SOURIS BLUETOOTH 2.4 Ghz,16.0,62.08,https://www.sercoplus.com/mouse-bluetooth/10813-mouse-microsoft-souris-bluetooth-2-4-ghz.html,20
https://www.sercoplus.com/15260-home_default/mouse-microsoft-souris-bluetooth-2-4-ghz.jpg,MOUSE MICROSOFT SOURIS BLUETOOTH 2.4 Ghz,16.0,62.08,https://www.sercoplus.com/mouse-bluetooth/10812-mouse-microsoft-souris-bluetooth-2-4-ghz.html,16
https://www.sercoplus.com/15342-home_default/mouse-logitech-m280-wireless-black-910-004284.jpg,MOUSE LOGITECH M280 WIRELESS BLACK,16.0,62.08,https://www.sercoplus.com/mouse-inalambrico/10921-mouse-logitech-m280-wireless-black-910-004284.html,2
https://www.sercoplus.com/17944-home_default/microsoft-kb-mse-600-for-bsnss.jpg,KIT TECLADO Y MOUSE MICROSOFT WIRED 600 USB,16.2,62.86,https://www.sercoplus.com/kit-teclado-y-mouse/5742-microsoft-kb-mse-600-for-bsnss.html,20
https://www.sercoplus.com/25200-home_default/kit-teclado-y-mouse-gamer-mirage-ha-810c.jpg,KIT TECLADO Y MOUSE GAMER MIRAGE HA-810C,16.2,62.86,https://www.sercoplus.com/kit-teclado-y-mouse-gaming/8076-kit-teclado-y-mouse-gamer-mirage-ha-810c.html,20
https://www.sercoplus.com/25204-home_default/kit-teclado-y-mouse-halion-gamer-tornado.jpg,KIT TECLADO Y MOUSE HALION GAMER TORNADO HA-818C RGB,16.3,63.24,https://www.sercoplus.com/kit-teclado-y-mouse-gaming/10057-kit-teclado-y-mouse-halion-gamer-tornado.html,20
https://www.sercoplus.com/32118-home_default/mouse-pad-gaming-corsair-mm250-champion.jpg,MOUSE PAD GAMING CORSAIR MM250 CHAMPION XL,16.4,63.63,https://www.sercoplus.com/pad-mouse/15076-mouse-pad-gaming-corsair-mm250-champion.html,9
https://www.sercoplus.com/20782-home_default/teclado-inalambrico-logitech-k230.jpg,TECLADO INALAMBRICO LOGITECH K230.,16.5,64.02,https://www.sercoplus.com/kit-teclado-y-mouse-wireles/11092-teclado-inalambrico-logitech-k230.html,8
https://www.sercoplus.com/20754-home_default/pad-mouse-logitech-g440-hard-medium.jpg,PAD MOUSE LOGITECH G440 HARD MEDIUM BLACK,18.0,69.84,https://www.sercoplus.com/pad-mouse/10563-pad-mouse-logitech-g440-hard-medium.html,6
https://www.sercoplus.com/20735-home_default/mouse-logitech-pebble-m350-silent-inalam.jpg,MOUSE LOGITECH PEBBLE M350 SILENT INALAMBRICO ROSA,18.6,72.17,https://www.sercoplus.com/mouse-inalambrico/11341-mouse-logitech-pebble-m350-silent-inalam.html,4
https://www.sercoplus.com/20739-home_default/mouse-logitech-pebble-m350-silent-wirele.jpg,MOUSE LOGITECH PEBBLE M350 SILENT WIRELELESS WHITE,18.6,72.17,https://www.sercoplus.com/mouse-inalambrico/11342-mouse-logitech-pebble-m350-silent-wirele.html,4
https://www.sercoplus.com/32123-home_default/mouse-pad-gaming-corsair-mm350-series-c.jpg,MOUSE PAD GAMING CORSAIR MM350 CHAMPION XL,18.8,72.94,https://www.sercoplus.com/pad-mouse/11602-mouse-pad-gaming-corsair-mm350-series-c.html,9
https://www.sercoplus.com/13051-home_default/combo-gamer-halion-4-en-1-hunter-ha-403c.jpg,COMBO GAMER HALION 4 EN 1 HUNTER HA-403C,18.9,73.33,https://www.sercoplus.com/kit-teclado-mouse-y-parlante/10214-combo-gamer-halion-4-en-1-hunter-ha-403c.html,20
https://www.sercoplus.com/30498-home_default/mouse-gaming-antryx-chrome-storm-havok-x.jpg,MOUSE GAMING ANTRYX CHROME STORM HAVOK X RGB,19.0,73.72,https://www.sercoplus.com/mouse-gaming/13772-mouse-gaming-antryx-chrome-storm-havok-x.html,2
https://www.sercoplus.com/20441-home_default/kb-ms-log-wireless-m.jpg,KIT TECLADO Y MOUSE LOGITECH INALAMBRICO MK220,19.2,74.5,https://www.sercoplus.com/kit-teclado-y-mouse-wireles/2402-kb-ms-log-wireless-m.html,9
https://www.sercoplus.com/22102-home_default/combo-gamer-halion-4-en-1-arrow-ha-405c.jpg,COMBO GAMER HALION 4 EN 1 ARROW HA-405C,19.6,76.05,https://www.sercoplus.com/kit-teclado-mouse-y-parlante/12111-combo-gamer-halion-4-en-1-arrow-ha-405c.html,9
https://www.sercoplus.com/28458-home_default/mouse-inalambrico-logitech-m317c-pow-yel.jpg,MOUSE INALAMBRICO LOGITECH M317C POW YELLOW/BLACK,20.0,77.6,https://www.sercoplus.com/mouse-inalambrico/13320-mouse-inalambrico-logitech-m317c-pow-yel.html,8
https://www.sercoplus.com/26816-home_default/mouse-inalambrico-logitech-m317c-golden.jpg,MOUSE INALAMBRICO LOGITECH M317C GOLDEN GARDEN BLACK,20.0,77.6,https://www.sercoplus.com/mouse-inalambrico/12945-mouse-inalambrico-logitech-m317c-golden.html,3
https://www.sercoplus.com/26812-home_default/mouse-inalambrico-logitech-m317c-forest.jpg,MOUSE INALAMBRICO LOGITECH M317C FOREST FLORAL BLACK,20.0,77.6,https://www.sercoplus.com/mouse-inalambrico/12944-mouse-inalambrico-logitech-m317c-forest.html,2
https://www.sercoplus.com/24211-home_default/mouse-gaming-antryx-chrome-storm-askalon.jpg,MOUSE GAMING ANTRYX CHROME STORM ASKALON RGB,20.0,77.6,https://www.sercoplus.com/mouse-gaming/12459-mouse-gaming-antryx-chrome-storm-askalon.html,20
https://www.sercoplus.com/20719-home_default/mouse-logitech-m317-wireless-black.jpg,MOUSE LOGITECH M317 WIRELESS BLACK,20.0,77.6,https://www.sercoplus.com/mouse-inalambrico/11624-mouse-logitech-m317-wireless-black.html,20
https://www.sercoplus.com/26808-home_default/mouse-inalambrico-logitech-m317c-chirpy.jpg,MOUSE INALAMBRICO LOGITECH M317C CHIRPY BIRD PINK,20.0,77.6,https://www.sercoplus.com/mouse-inalambrico/12943-mouse-inalambrico-logitech-m317c-chirpy.html,6
https://www.sercoplus.com/22963-home_default/combo-thermaltake-mouse-pad-mouse-usb.jpg,COMBO THERMALTAKE MOUSE PAD + MOUSE USB,21.1,81.87,https://www.sercoplus.com/mouse-gaming/8605-combo-thermaltake-mouse-pad-mouse-usb.html,5
https://www.sercoplus.com/24219-home_default/mouse-gaming-antryx-chrome-storm-kurtana.jpg,MOUSE GAMING ANTRYX CHROME STORM KURTANA RGB,22.0,85.36,https://www.sercoplus.com/mouse-gaming/12460-mouse-gaming-antryx-chrome-storm-kurtana.html,1
https://www.sercoplus.com/20508-home_default/mouse-gamer-logitech-g300s-rgb.jpg,MOUSE GAMER LOGITECH G300S RGB,22.0,85.36,https://www.sercoplus.com/mouse-gaming/10511-mouse-gamer-logitech-g300s-rgb.html,20
https://www.sercoplus.com/23089-home_default/mouse-pad-gaming-logitech-g640-cloth-lar.jpg,MOUSE PAD GAMING LOGITECH G640 CLOTH LARGE BLACK,22.9,88.85,https://www.sercoplus.com/pad-mouse/12213-mouse-pad-gaming-logitech-g640-cloth-lar.html,6
https://www.sercoplus.com/28176-home_default/mouse-gaming-antryx-chrome-storm-kurtana.jpg,MOUSE GAMING ANTRYX CHROME STORM KURTANA WHITE RGB,24.0,93.12,https://www.sercoplus.com/mouse-gaming/13212-mouse-gaming-antryx-chrome-storm-kurtana.html,9
https://www.sercoplus.com/16451-home_default/mouse-gaming-primus-gladius-4000p-rgb.jpg,MOUSE GAMING PRIMUS GLADIUS 4000T RGB,24.0,93.12,https://www.sercoplus.com/mouse-gaming/11221-mouse-gaming-primus-gladius-4000p-rgb.html,14
https://www.sercoplus.com/20377-home_default/teclado-intel.jpg,KIT TECLADO Y MOUSE INALAMBRICO MICROSOFT 850,25.8,100.1,https://www.sercoplus.com/teclados-usb/11329-teclado-intel.html,20
https://www.sercoplus.com/16818-home_default/pad-mouse-gaming-antryx-accura-80-rgb.jpg,PAD MOUSE GAMING ANTRYX ACCURA 80 RGB,26.0,100.88,https://www.sercoplus.com/pad-mouse/11287-pad-mouse-gaming-antryx-accura-80-rgb.html,7
https://www.sercoplus.com/20052-home_default/teclado-logitech-k400-plus-wireless-touch-black-920-007123.jpg,TECLADO LOGITECH K400 PLUS WIRELESS TOUCH BLACK,26.0,100.88,https://www.sercoplus.com/kit-teclado-y-mouse-wireles/8348-teclado-logitech-k400-plus-wireless-touch-black-920-007123.html,4
https://www.sercoplus.com/20457-home_default/kit-teclado-y-mouse-logitech-wireless-mk.jpg,KIT TECLADO Y MOUSE LOGITECH WIRELESS MK270,26.4,102.43,https://www.sercoplus.com/kit-teclado-y-mouse-wireles/10926-kit-teclado-y-mouse-logitech-wireless-mk.html,10
https://www.sercoplus.com/15772-home_default/mouse-gaming-wireless-antryx-chrome-stor.jpg,"MOUSE GAMING WIRELESS ANTRYX CHROME STORM SCORPIO II, RGB",27.1,105.15,https://www.sercoplus.com/teclados-y-mouse/11053-mouse-gaming-wireless-antryx-chrome-stor.html,7
https://www.sercoplus.com/20588-home_default/mouse-gaming-logitech-g203-ligtsync.jpg,MOUSE GAMING LOGITECH G203 LIGTSYNC RGB BLACK,27.8,107.86,https://www.sercoplus.com/mouse-gaming/11176-mouse-gaming-logitech-g203-ligtsync.html,20
https://www.sercoplus.com/29973-home_default/mouse-logitech-pop-bluerooth-yellow.jpg,MOUSE LOGITECH POP BLUETOOTH BLACK/YELLOW,28.0,108.64,https://www.sercoplus.com/mouse-bluetooth/13673-mouse-logitech-pop-bluerooth-yellow.html,3
https://www.sercoplus.com/29979-home_default/mouse-logitech-pop-bluetooth-coral-rose.jpg,MOUSE LOGITECH POP BLUETOOTH CORAL/ROSE,28.0,108.64,https://www.sercoplus.com/mouse-bluetooth/13674-mouse-logitech-pop-bluetooth-coral-rose.html,6
https://www.sercoplus.com/29985-home_default/mouse-logitech-pop-bluetooth-fresh-vibes.jpg,MOUSE LOGITECH POP BLUETOOTH FRESH VIBES LILA/GREEN,28.0,108.64,https://www.sercoplus.com/mouse-bluetooth/13675-mouse-logitech-pop-bluetooth-fresh-vibes.html,3
https://www.sercoplus.com/15016-home_default/combo-gamer-4-en-1-akula-ha-870c-halion.jpg,COMBO GAMER HALION 4 EN 1 AKULA HA-870C,28.8,111.74,https://www.sercoplus.com/kit-teclado-mouse-y-parlante/10667-combo-gamer-4-en-1-akula-ha-870c-halion.html,20
https://www.sercoplus.com/25340-home_default/mouse-gaming-corsair-harpoon-pro-rgb.jpg,MOUSE GAMING CORSAIR HARPOON PRO RGB,29.1,112.91,https://www.sercoplus.com/mouse-gaming/11388-mouse-gaming-corsair-harpoon-pro-rgb.html,15
https://www.sercoplus.com/20553-home_default/mouse-gaming-logitech-g203-lightsync-rgb.jpg,MOUSE GAMING LOGITECH G203 LIGHTSYNC RGB WHITE,29.9,116.01,https://www.sercoplus.com/mouse-gaming/11345-mouse-gaming-logitech-g203-lightsync-rgb.html,4
https://www.sercoplus.com/20955-home_default/mouse-gaming-logitech-g203-lightsync-rgb.jpg,MOUSE GAMING LOGITECH G203 LIGHTSYNC RGB BLUE,29.9,116.01,https://www.sercoplus.com/mouse-gaming/11964-mouse-gaming-logitech-g203-lightsync-rgb.html,14
https://www.sercoplus.com/24863-home_default/mouse-gaming-logitech-g203-lightsync-rgb.jpg,MOUSE GAMING LOGITECH G203 LIGHTSYNC RGB,29.9,116.01,https://www.sercoplus.com/mouse-gaming/12589-mouse-gaming-logitech-g203-lightsync-rgb.html,5
https://www.sercoplus.com/29661-home_default/mouse-inalambrico-bluetooth-logitech-sig.jpg,MOUSE INALAMBRICO/BT LOGITECH SIGNATURE M650 L LEFT BLACK,30.0,116.4,https://www.sercoplus.com/mouse-inalambrico/13628-mouse-inalambrico-bluetooth-logitech-sig.html,3
https://www.sercoplus.com/29672-home_default/mouse-inalambrico-bt-logitech-signature.jpg,MOUSE INALAMBRICO/BT LOGITECH SIGNATURE M650 L WHITE,30.0,116.4,https://www.sercoplus.com/mouse-inalambrico/13630-mouse-inalambrico-bt-logitech-signature.html,4
https://www.sercoplus.com/29677-home_default/mouse-inalambrico-bt-logitech-signature.jpg,MOUSE INALAMBRICO/BT LOGITECH SIGNATURE M650 BLACK,30.0,116.4,https://www.sercoplus.com/mouse-inalambrico/13631-mouse-inalambrico-bt-logitech-signature.html,8
https://www.sercoplus.com/29682-home_default/mouse-inalambrico-bt-logitech-signature.jpg,MOUSE INALAMBRICO/BT LOGITECH SIGNATURE M650 ROSE,30.0,116.4,https://www.sercoplus.com/mouse-inalambrico/13632-mouse-inalambrico-bt-logitech-signature.html,8
https://www.sercoplus.com/29687-home_default/mouse-inalambrico-bt-logitecg-signature.jpg,MOUSE INALAMBRICO/BT LOGITECG SIGNATURE,30.0,116.4,https://www.sercoplus.com/mouse-inalambrico/13633-mouse-inalambrico-bt-logitecg-signature.html,10
https://www.sercoplus.com/32934-home_default/pad-mouse-cooler-master-mp511-xl.jpg,PAD MOUSE COOLER MASTER MP511 XL,30.0,116.4,https://www.sercoplus.com/pad-mouse/15277-pad-mouse-cooler-master-mp511-xl.html,5
https://www.sercoplus.com/20805-home_default/teclado-logitech-k380-multi-device-bluet.jpg,TECLADO LOGITECH K380 MULTI DEVICE BLUETOOTH WHITE,31.0,120.28,https://www.sercoplus.com/kit-teclado-y-mouse-wireles/11626-teclado-logitech-k380-multi-device-bluet.html,5
https://www.sercoplus.com/20795-home_default/teclado-logitech-k380-multi-device-bluet.jpg,TECLADO LOGITECH K380 MULTI DEVICE BLUETOOTH BLACK,31.0,120.28,https://www.sercoplus.com/kit-teclado-y-mouse-wireles/11203-teclado-logitech-k380-multi-device-bluet.html,5
https://www.sercoplus.com/15768-home_default/mouse-gaming-antryx-chrome-storm-xcalibu.jpg,MOUSE GAMING ANTRYX CHROME STORM XCALIBUR RGB,31.5,122.22,https://www.sercoplus.com/mouse-gaming/11067-mouse-gaming-antryx-chrome-storm-xcalibu.html,10
https://www.sercoplus.com/24950-home_default/kit-teclado-y-mouse-logitech-inalambrico.jpg,KIT TECLADO Y MOUSE LOGITECH INALAMBRICO MK345 BLACK,32.0,124.16,https://www.sercoplus.com/kit-teclado-y-mouse-wireles/11474-kit-teclado-y-mouse-logitech-inalambrico.html,9
https://www.sercoplus.com/22288-home_default/combo-gamer-5-en-1-racer-ha-830.jpg,COMBO GAMER 5 EN 1 RACER HA-830,32.3,125.32,https://www.sercoplus.com/kit-teclado-mouse-y-parlante/5862-combo-gamer-5-en-1-racer-ha-830.html,20
https://www.sercoplus.com/31959-home_default/combo-gamer-halion-4-en-1-pantro-ha-880c.jpg,COMBO GAMER HALION 4 EN 1 PANTRO HA-880C,34.0,131.92,https://www.sercoplus.com/kit-teclado-mouse-y-parlante/11859-combo-gamer-halion-4-en-1-pantro-ha-880c.html,20
https://www.sercoplus.com/25967-home_default/pad-mouse-logitech-g840-cloth-xl-k-da.jpg,PAD MOUSE LOGITECH G840 CLOTH XL K/DA BLACK,35.7,138.52,https://www.sercoplus.com/pad-mouse/12794-pad-mouse-logitech-g840-cloth-xl-k-da.html,3
https://www.sercoplus.com/24648-home_default/mouse-gaming-msi-clutch-gm20-elite-rgb.jpg,MOUSE GAMING MSI CLUTCH GM20 ELITE RGB,36.0,139.68,https://www.sercoplus.com/mouse-gaming/12544-mouse-gaming-msi-clutch-gm20-elite-rgb.html,6
https://www.sercoplus.com/31682-home_default/pad-mouse-logitech-g240-cloth-xl-magenta.jpg,PAD MOUSE LOGITECH G840 CLOTH XL MAGENTA,36.6,142.01,https://www.sercoplus.com/pad-mouse/14980-pad-mouse-logitech-g240-cloth-xl-magenta.html,5
https://www.sercoplus.com/28608-home_default/pad-mouse-logitech-g840-cloth-xl-of-lege.jpg,PAD MOUSE LOGITECH G840 CLOTH XL OF LEGENDS,36.6,142.01,https://www.sercoplus.com/pad-mouse/13356-pad-mouse-logitech-g840-cloth-xl-of-lege.html,6
https://www.sercoplus.com/32157-home_default/mouse-gaming-corsair-m55-rgb-pro.jpg,MOUSE GAMING CORSAIR M55 RGB PRO,37.3,144.72,https://www.sercoplus.com/mouse-gaming/15079-mouse-gaming-corsair-m55-rgb-pro.html,6
https://www.sercoplus.com/32161-home_default/mouse-gaming-corsair-m55-rgb-pro-white.jpg,"MOUSE GAMING CORSAIR M55 RGB PRO, WHITE",38.3,148.6,https://www.sercoplus.com/mouse-gaming/15080-mouse-gaming-corsair-m55-rgb-pro-white.html,7
https://www.sercoplus.com/30904-home_default/mouse-gaming-logitech-g305-ligthspeed-wi.jpg,MOUSE GAMING LOGITECH G305 LIGHTSPEED WIRELESS BLACK,39.0,151.32,https://www.sercoplus.com/teclados-y-mouse/10837-mouse-gaming-logitech-g305-ligthspeed-wi.html,17
https://www.sercoplus.com/30908-home_default/mouse-gaming-logitech-g305-lightspeed.jpg,MOUSE GAMING LOGITECH G305 LIGHTSPEED WIRELESS BLUE,39.0,151.32,https://www.sercoplus.com/teclados-y-mouse/12413-mouse-gaming-logitech-g305-lightspeed.html,12
https://www.sercoplus.com/24001-home_default/mouse-gaming-logitech-g305-lightspeed.jpg,MOUSE GAMING LOGITECH G305 LIGHTSPEED WIRELESS LILA,39.1,151.71,https://www.sercoplus.com/teclados-y-mouse/12414-mouse-gaming-logitech-g305-lightspeed.html,10
https://www.sercoplus.com/30899-home_default/mouse-gaming-logitech-g305-lightspeed-wi.jpg,MOUSE GAMING LOGITECH G305 LIGHTSPEED WIRELESS MINT,39.1,151.71,https://www.sercoplus.com/mouse-gaming-wireless/13324-mouse-gaming-logitech-g305-lightspeed-wi.html,20
https://www.sercoplus.com/21785-home_default/pad-mouse-razer-goliathus-chroma-soft-bl.jpg,PAD MOUSE RAZER GOLIATHUS CHROMA SOFT BLACK,40.0,155.2,https://www.sercoplus.com/pad-mouse/12049-pad-mouse-razer-goliathus-chroma-soft-bl.html,2
https://www.sercoplus.com/22616-home_default/mouse-gamer-hyperx-pulserfire-raid-rgb.jpg,MOUSE GAMER HYPERX PULSERFIRE RAID RGB,40.0,155.2,https://www.sercoplus.com/mouse-gaming/12182-mouse-gamer-hyperx-pulserfire-raid-rgb.html,9
https://www.sercoplus.com/24938-home_default/kit-teclado-y-mouse-antryx-semi-mecanico.jpg,KIT TECLADO Y MOUSE ANTRYX SEMI MECANICO CHROME STORM GC-2500 RGB,40.0,155.2,https://www.sercoplus.com/kit-teclado-y-mouse/12602-kit-teclado-y-mouse-antryx-semi-mecanico.html,20
https://www.sercoplus.com/20453-home_default/kit-teclado-y-mouse-logitech-inalambrico.jpg,KIT TECLADO Y MOUSE LOGITECH INALAMBRICO SLIM MK470.,40.4,156.75,https://www.sercoplus.com/kit-teclado-y-mouse-wireles/11205-kit-teclado-y-mouse-logitech-inalambrico.html,9
https://www.sercoplus.com/20449-home_default/kit-teclado-y-mouse-logitech-inalambric.jpg,KIT TECLADO Y MOUSE LOGITECH INALAMBRICO MK540 ADVANCED,40.4,156.75,https://www.sercoplus.com/kit-teclado-y-mouse-wireles/11204-kit-teclado-y-mouse-logitech-inalambric.html,10
https://www.sercoplus.com/20618-home_default/mouse-gaming-logitech-mx518-legendary-he.jpg,MOUSE GAMING LOGITECH MX518 LEGENDARY HERO 16K,42.0,162.96,https://www.sercoplus.com/mouse-gaming/10562-mouse-gaming-logitech-mx518-legendary-he.html,17
https://www.sercoplus.com/10238-home_default/mouse-gamer-hyperx-pulser-rgb.jpg,MOUSE GAMER HYPERX PULSERFIRE SURGE RGB,42.3,164.12,https://www.sercoplus.com/mouse-gaming/8349-mouse-gamer-hyperx-pulser-rgb.html,2
https://www.sercoplus.com/16448-home_default/mouse-gaming-primus-gladius-10000p-rgb.jpg,MOUSE GAMING PRIMUS GLADIUS 10000S RGB,44.0,170.72,https://www.sercoplus.com/mouse-gaming/11220-mouse-gaming-primus-gladius-10000p-rgb.html,6
https://www.sercoplus.com/20512-home_default/mouse-gaming-logitech-g-pro-rgb-usb.jpg,MOUSE GAMING LOGITECH G PRO RGB USB,44.9,174.21,https://www.sercoplus.com/mouse-gaming/11097-mouse-gaming-logitech-g-pro-rgb-usb.html,10
https://www.sercoplus.com/23085-home_default/mouse-gaming-logitech-g603-lightspeed-wi.jpg,MOUSE GAMING LOGITECH G603 LIGHTSPEED WIRELESS BLACK,45.9,178.09,https://www.sercoplus.com/mouse-gaming/12212-mouse-gaming-logitech-g603-lightspeed-wi.html,8
https://www.sercoplus.com/29006-home_default/kit-gaming-gc-5100-antryx-teclado-mecan.jpg,"KIT GAMING GC-5100 ANTRYX, TECLADO MECANICO, SWITCH BLUE, + MOUSE, RGB",46.7,181.2,https://www.sercoplus.com/kit-teclado-y-mouse-gaming/13466-kit-gaming-gc-5100-antryx-teclado-mecan.html,20
https://www.sercoplus.com/29010-home_default/kit-gaming-gc-5100-antryx-teclado-mecan.jpg,"KIT GAMING GC-5100 ANTRYX, TECLADO MECANICO, SWITCH RED, + MOUSE, RGB",46.7,181.2,https://www.sercoplus.com/kit-teclado-y-mouse-gaming/13467-kit-gaming-gc-5100-antryx-teclado-mecan.html,15
https://www.sercoplus.com/25344-home_default/maouse-gaming-cooler-master-mm711-white.jpg,MOUSE GAMING COOLER MASTER MM711 WHITE GLOSSY,48.0,186.24,https://www.sercoplus.com/mouse-gaming/11409-maouse-gaming-cooler-master-mm711-white.html,20
https://www.sercoplus.com/24009-home_default/mouse-gaming-msi-clutch-gm41-lightweight.jpg,MOUSE GAMING MSI CLUTCH GM41 LIGHTWEIGHT RGB,48.0,186.24,https://www.sercoplus.com/mouse-gaming/12415-mouse-gaming-msi-clutch-gm41-lightweight.html,7
https://www.sercoplus.com/20649-home_default/mouse-logitech-gamer-g403-hero.jpg,MOUSE LOGITECH GAMER G403 HERO BLACK,49.2,190.9,https://www.sercoplus.com/mouse-gaming/10363-mouse-logitech-gamer-g403-hero.html,9
https://www.sercoplus.com/16443-home_default/mouse-gaming-primus-gladius-3200p-rgb.jpg,MOUSE GAMING PRIMUS GLADIUS 32000P RGB,50.0,194.0,https://www.sercoplus.com/mouse-gaming/11219-mouse-gaming-primus-gladius-3200p-rgb.html,2
https://www.sercoplus.com/20657-home_default/mouse-logitech-gaming-g502-hero-rgb-usb-910-005469.jpg,MOUSE LOGITECH GAMING G502 HERO RGB,50.4,195.55,https://www.sercoplus.com/mouse-gaming/9623-mouse-logitech-gaming-g502-hero-rgb-usb-910-005469.html,14
https://www.sercoplus.com/17979-home_default/mouse-storm-sentinel-iii.jpg,MOUSE STORM SENTINEL III,52.0,201.76,https://www.sercoplus.com/mouse-gaming/5464-mouse-storm-sentinel-iii.html,1
https://www.sercoplus.com/22612-home_default/mouse-pad-gaming-hyperx-fury-ultra-led.jpg,"MOUSE PAD GAMING HYPERX FURY ULTRA, LED RGB, 359.4 x 299.4mm",54.0,209.52,https://www.sercoplus.com/pad-mouse/12181-mouse-pad-gaming-hyperx-fury-ultra-led.html,8
https://www.sercoplus.com/23998-home_default/teclado-logitech-k600-smart-tv-bluetooh.jpg,TECLADO LOGITECH K600 SMART TV BLUETOOH,54.0,209.52,https://www.sercoplus.com/kit-teclado-y-mouse-wireles/12411-teclado-logitech-k600-smart-tv-bluetooh.html,7
https://www.sercoplus.com/28109-home_default/mouse-gaming-evga-x17-rgb-usb.jpg,"MOUSE GAMING EVGA X17, RGB, USB",54.0,209.52,https://www.sercoplus.com/mouse-gaming/13197-mouse-gaming-evga-x17-rgb-usb.html,4
https://www.sercoplus.com/29213-home_default/mouse-gaming-evga-x17-rgb-usb.jpg,"MOUSE GAMING EVGA X17, RGB, USB",56.0,217.28,https://www.sercoplus.com/mouse-gaming/13512-mouse-gaming-evga-x17-rgb-usb.html,2
https://www.sercoplus.com/29225-home_default/mouse-gaming-evga-x15-rgb-usb.jpg,"MOUSE GAMING EVGA X15, RGB, USB",58.0,225.04,https://www.sercoplus.com/mouse-gaming/13515-mouse-gaming-evga-x15-rgb-usb.html,2
https://www.sercoplus.com/16471-home_default/mouse-gaming-primus-gladius-16000p-rgb.jpg,MOUSE GAMING PRIMUS GLADIUS 16000P RGB,60.0,232.8,https://www.sercoplus.com/mouse-gaming/11225-mouse-gaming-primus-gladius-16000p-rgb.html,1
https://www.sercoplus.com/24847-home_default/mouse-logitech-anywhere-3-bluetooth-rose.jpg,MOUSE LOGITECH ANYWHERE 3 BLUETOOTH ROSE,60.0,232.8,https://www.sercoplus.com/mouse-bluetooth/12585-mouse-logitech-anywhere-3-bluetooth-rose.html,1
https://www.sercoplus.com/20601-home_default/mouse-inalambrico-logitech-g604-ligthspe.jpg,MOUSE GAMING LOGITECH G604 LIGHTSPEED WIRELESS BLACK,61.6,239.01,https://www.sercoplus.com/teclados-y-mouse/11096-mouse-inalambrico-logitech-g604-ligthspe.html,3
https://www.sercoplus.com/20609-home_default/mouse-gaming-logitech-g703-ligthspeed-wi.jpg,MOUSE GAMING LOGITECH G703 LIGHTSPEED WIRELESS BLACK,61.9,240.17,https://www.sercoplus.com/teclados-y-mouse/11620-mouse-gaming-logitech-g703-ligthspeed-wi.html,4
https://www.sercoplus.com/31225-home_default/mouse-inalambrico-bt-logitech-lift-verti.jpg,MOUSE INALAMBRICO/BT LOGITECH LIFT VERTICAL ERGONOMIC WHITE,66.4,257.63,https://www.sercoplus.com/mouse-bluetooth/13899-mouse-inalambrico-bt-logitech-lift-verti.html,4
https://www.sercoplus.com/32397-home_default/mouse-inalambrico-bt-logitech-lift-verti.jpg,MOUSE INALAMBRICO/BT LOGITECH LIFT VERTICAL ZURDO ERGONOMIC BLACK,66.4,257.63,https://www.sercoplus.com/mouse-bluetooth/15136-mouse-inalambrico-bt-logitech-lift-verti.html,2
https://www.sercoplus.com/28920-home_default/mouse-inalambrico-gaming-razer-orochi-v2.jpg,MOUSE INALAMBRICO GAMING RAZER OROCHI V2,67.0,259.96,https://www.sercoplus.com/mouse-gaming-wireless/13441-mouse-inalambrico-gaming-razer-orochi-v2.html,3
https://www.sercoplus.com/24851-home_default/mouse-logitech-anywhere-3-bluetooth-pale.jpg,MOUSE LOGITECH ANYWHERE 3 BLUETOOTH PALE GREY,69.0,267.72,https://www.sercoplus.com/mouse-bluetooth/12590-mouse-logitech-anywhere-3-bluetooth-pale.html,2
https://www.sercoplus.com/29692-home_default/teclado-bloetooth-logitech-mx-keys-mini.jpg,TECLADO BLUETOOTH LOGITECH MX KEYS MINI MULTI DEVICE PALE GREY SP,74.0,287.12,https://www.sercoplus.com/teclado-bluetooth/13634-teclado-bloetooth-logitech-mx-keys-mini.html,2
https://www.sercoplus.com/33064-home_default/mouse-gaming-logitech-g502-x-hero-25k.jpg,MOUSE GAMING LOGITECH G502 X HERO 25K,75.7,293.72,https://www.sercoplus.com/mouse-gaming/15299-mouse-gaming-logitech-g502-x-hero-25k.html,5
https://www.sercoplus.com/22620-home_default/mouse-inalambrico-gamer-hyperx-pulsefire.jpg,MOUSE INALAMBRICO GAMER HYPERX PULSEFIRE DART RGB,78.0,302.64,https://www.sercoplus.com/teclados-y-mouse/12183-mouse-inalambrico-gamer-hyperx-pulsefire.html,20
https://www.sercoplus.com/32538-home_default/mouse-gaming-logitech-g705-inalambrico-r.jpg,"MOUSE GAMING LOGITECH G705, INALAMBRICO/BT, RGB, WHITE",83.0,322.04,https://www.sercoplus.com/mouse-gaming-wireless/15171-mouse-gaming-logitech-g705-inalambrico-r.html,14
https://www.sercoplus.com/28407-home_default/mainboard-gigabyte-b560m-ds3h-v2-lga-12.jpg,"MAINBOARD GIGABYTE B560M DS3H V2, LGA 1200",90.3,350.36,https://www.sercoplus.com/socket-1200-/13310-mainboard-gigabyte-b560m-ds3h-v2-lga-12.html,20
https://www.sercoplus.com/23958-home_default/mouse-gaming-logitech-g502-ligthspeed-wi.jpg,MOUSE GAMING LOGITECH G502 LIGHTSPEED WIRELESS BLACK,91.8,356.18,https://www.sercoplus.com/teclados-y-mouse/10561-mouse-gaming-logitech-g502-ligthspeed-wi.html,10
https://www.sercoplus.com/24839-home_default/mouse-logitech-g-pro-lightspeed-wireless.jpg,MOUSE LOGITECH G PRO LIGHTSPEED WIRELESS HERO 25K RGB BLACK,94.0,364.72,https://www.sercoplus.com/teclados-y-mouse/12583-mouse-logitech-g-pro-lightspeed-wireless.html,6
https://www.sercoplus.com/28569-home_default/mouse-logitech-g-pro-ligthspeed-wirelees.jpg,MOUSE LOGITECH G PRO LIGTHSPEED WIRELEES HERO 25K RGB OF LEGENDS,94.0,364.72,https://www.sercoplus.com/mouse-gaming-wireless/13346-mouse-logitech-g-pro-ligthspeed-wirelees.html,8
https://www.sercoplus.com/32372-home_default/auricular-gaming-logitech-g435-mouse-g.jpg,AURICULAR GAMING LOGITECH G435 + MOUSE G305 WIRELESS,95.1,368.99,https://www.sercoplus.com/auriculares-gaming/15132-auricular-gaming-logitech-g435-mouse-g.html,5
https://www.sercoplus.com/20786-home_default/teclado-inalambrico-mx-keys-advanced-ill.jpg,TECLADO INALAMBRICO MX KEYS ADVANCED ILLUMINATED BLACK,97.2,377.14,https://www.sercoplus.com/kit-teclado-y-mouse-wireles/11627-teclado-inalambrico-mx-keys-advanced-ill.html,5
https://www.sercoplus.com/24783-home_default/mouse-razer-deathadder-v2-pro-wireless.jpg,MOUSE RAZER DEATHADDER V2 PRO WIRELESS HYPERSPEED,102.0,395.76,https://www.sercoplus.com/teclados-y-mouse/12563-mouse-razer-deathadder-v2-pro-wireless.html,1
https://www.sercoplus.com/26448-home_default/teclado-partido-inalambrico-logitech-erg.jpg,TECLADO PARTIDO INALAMBRICO LOGITECH ERGO K860,104.0,403.52,https://www.sercoplus.com/kit-teclado-y-mouse-wireles/12859-teclado-partido-inalambrico-logitech-erg.html,3
https://www.sercoplus.com/23842-home_default/mouse-inalambrico-gaming-logitech-g-pro.jpg,MOUSE INALAMBRICO GAMING LOGITECH G PRO SUPERLIGHT BLACK,107.0,415.16,https://www.sercoplus.com/teclados-y-mouse/12375-mouse-inalambrico-gaming-logitech-g-pro.html,10
https://www.sercoplus.com/28831-home_default/mouse-inalambrico-gaming-logitech-g-pro.jpg,MOUSE INALAMBRICO GAMING LOGITECH G PRO SUPERLIGHT WHITE,107.0,415.16,https://www.sercoplus.com/mouse-gaming-wireless/13418-mouse-inalambrico-gaming-logitech-g-pro.html,5
https://www.sercoplus.com/20613-home_default/mouse-gaming-logitech-g903-hero-ligthspe.jpg,MOUSE GAMING LOGITECH G903 HERO LIGHTSPEED WIRELESS BLACK,109.1,423.31,https://www.sercoplus.com/mouse-gaming/11621-mouse-gaming-logitech-g903-hero-ligthspe.html,6
https://www.sercoplus.com/33053-home_default/mouse-gaming-logitech-g502x-plus.jpg,MOUSE GAMING LOGITECH G502X PLUS,140.0,543.2,https://www.sercoplus.com/mouse-gaming-wireless/15296-mouse-gaming-logitech-g502x-plus.html,1
