,imagen,nombre,precio_soles,precio_dolares,link,stock
0,https://www.infotec.com.pe/58836-home_default/pad-mouse-t-dagger-lava-s-t-tmp100-.jpg,PAD MOUSE T-DAGGER LAVA S ( T-TMP100 ),19.0,4.986876640419948,https://www.infotec.com.pe/t-dagger/22019-pad-mouse-t-dagger-lava-s-t-tmp100--6950376774439.html,Disponible
1,https://www.infotec.com.pe/32157-home_default/mouse-genius-dx_110-31010116100-negro.jpg,MOUSE GENIUS DX-110 (31010116100) USB | NEGRO,19.0,4.986876640419948,https://www.infotec.com.pe/mouse/8904-mouse-genius-dx_110-31010116100-negro.html,Disponible
2,https://www.infotec.com.pe/44686-home_default/pad-mouse-p029-redragon-flick-s.jpg,PAD MOUSE P029 REDRAGON FLICK S,19.0,4.986876640419948,https://www.infotec.com.pe/pad-mouse-gamer/19364-pad-mouse-p029-redragon-flick-s-6950376779878.html,Disponible
3,https://www.infotec.com.pe/69741-home_default/mouse-optico-imexx-wireless.jpg,MOUSE OPTICO  IMEXX WIRELESS,25.0,6.561679790026247,https://www.infotec.com.pe/accessorios/23588-mouse-optico-imexx-wireless-1957359932164.html,Disponible
4,https://www.infotec.com.pe/39534-home_default/mouse-genius-nx-7000-wireless-black.jpg,MOUSE GENIUS NX-7000 WIRELESS BLACK,28.0,7.349081364829396,https://www.infotec.com.pe/accessorios/6331-mouse-genius-nx-7000-wireless-black-4710268258513.html,Disponible
5,https://www.infotec.com.pe/69331-home_default/pad-mouse-genius-g-wmp-100-cdescansador-230-x-250mm-negro.jpg,PAD MOUSE GENIUS G-WMP 100 C/DESCANSADOR 230 X 250MM NEGRO,29.0,7.611548556430446,https://www.infotec.com.pe/pad/23761-pad-mouse-genius-g-wmp-100-cdescansador-230-x-250mm-negro-4710268256700.html,Disponible
6,https://www.infotec.com.pe/70184-home_default/kit-teclado-y-mouse-teros-te4061n-inalambrico-nano-usb.jpg,KIT TECLADO Y MOUSE TEROS TE4061N  INALAMBRICO NANO USB,29.0,7.611548556430446,https://www.infotec.com.pe/kit-teclado-mouse/23919-kit-teclado-y-mouse-teros-te4061n-inalambrico-nano-usb.html,Disponible
7,https://www.infotec.com.pe/58839-home_default/pad-mouse-t-dagger-geometry-m-t-tmp201.jpg,PAD MOUSE T-DAGGER GEOMETRY M T-TMP201,29.0,7.611548556430446,https://www.infotec.com.pe/t-dagger/22022-pad-mouse-t-dagger-geometry-m-t-tmp201-6950376774484.html,Disponible
8,https://www.infotec.com.pe/39573-home_default/mouse-logitech-m170-910-004800-wireless-blue.jpg,MOUSE LOGITECH M170 910 004800 WIRELESS  BLUE,39.0,10.236220472440944,https://www.infotec.com.pe/mouse/9468-mouse-logitech-m170-910-004800-wireless-blue.html,Disponible
9,https://www.infotec.com.pe/45437-home_default/pad-mouse-msi-agility-gd20-gaming-gear-agility-gd20-320mm-x-220mm.jpg,PAD MOUSE MSI AGILITY GD20 GAMING GEAR ( AGILITY GD20 )...,39.0,10.236220472440944,https://www.infotec.com.pe/pad-mouse-gamer/14853-pad-mouse-msi-agility-gd20-gaming-gear-agility-gd20-320mm-x-220mm.html,Disponible
10,https://www.infotec.com.pe/58826-home_default/mouse-t-dagger-private-t-tgm106-gaming.jpg,MOUSE T-DAGGER PRIVATE ( T-TGM106 ) GAMING,39.0,10.236220472440944,https://www.infotec.com.pe/t-dagger/22009-mouse-t-dagger-private-t-tgm106-gaming-6950376708588.html,Disponible
11,https://www.infotec.com.pe/42892-home_default/pad-mouse-redragon-flick-p031-gaming-l.jpg,PAD MOUSE REDRAGON FLICK P031 GAMING L,39.0,10.236220472440944,https://www.infotec.com.pe/redragon/19072-pad-mouse-redragon-flick-p031-gaming-l-6950376779892.html,Disponible
12,https://www.infotec.com.pe/58827-home_default/mouse-t-dagger-recruit-2-t-tgm108-rgb-gaming-led-rgb.jpg,MOUSE T-DAGGER RECRUIT 2 ( T-TGM108 RGB ) GAMING | LED-RGB,49.0,12.860892388451443,https://www.infotec.com.pe/t-dagger/22010-mouse-t-dagger-recruit-2-t-tgm108-rgb-gaming-led-rgb-6950376708595.html,Disponible
13,https://www.infotec.com.pe/60125-home_default/kit-logitech-mk120-920-004428-teclado-mouse.jpg,KIT LOGITECH MK120 (920-004428) TECLADO + MOUSE,49.0,12.860892388451443,https://www.infotec.com.pe/kit-teclado-mouse/249-kit-logitech-mk120-920-004428-teclado-mouse.html,Disponible
14,https://www.infotec.com.pe/58840-home_default/pad-mouse-t-dagger-lava-l-t-tmp300.jpg,PAD MOUSE T-DAGGER LAVA L T-TMP300,49.0,12.860892388451443,https://www.infotec.com.pe/t-dagger/22023-pad-mouse-t-dagger-lava-l-t-tmp300-6950376774491.html,Disponible
15,https://www.infotec.com.pe/33490-home_default/kit-genius-km-160-31330001414-teclado-mouse.jpg,KIT GENIUS KM-160 (31330001414) TECLADO + MOUSE,49.0,12.860892388451443,https://www.infotec.com.pe/kit-teclado-mouse/8742-kit-genius-km-160-31330001414-teclado-mouse-4710268256175.html,Disponible
16,https://www.infotec.com.pe/43427-home_default/mouse-vsg-hero-vg-m101-l-gaming-7200-dpi-sensor-instant-a725f-led-rgb.jpg,MOUSE VSG HERO ( VG-M101-L ) GAMING | 7200 DPI | SENSOR...,49.0,12.860892388451443,https://www.infotec.com.pe/promocion-vsg/19173-mouse-vsg-hero-vg-m101-l-gaming-7200-dpi-sensor-instant-a725f-led-rgb-7453048706305.html,Disponible
17,https://www.infotec.com.pe/32128-home_default/mouse-redragon-gainer-m610-gaming-retroiluminacion.jpg,MOUSE REDRAGON GAINER ( M610 ) GAMING | RETROILUMINACION,49.0,12.860892388451443,https://www.infotec.com.pe/mouse-gamer/16975-mouse-redragon-gainer-m610-gaming-retroiluminacion-6950376751706.html,Disponible
18,https://www.infotec.com.pe/32803-home_default/pad-mouse-redragon-suzaku-p003-suzaku-p003-gaming-xl.jpg,PAD MOUSE REDRAGON SUZAKU P003 (SUZAKU-P003) GAMING | XL,49.0,12.860892388451443,https://www.infotec.com.pe/redragon/9056-pad-mouse-redragon-suzaku-p003-suzaku-p003-gaming-xl-6950376703392.html,Disponible
19,https://www.infotec.com.pe/58842-home_default/pad-mouse-t-dagger-geometry-l-t-tmp301.jpg,PAD MOUSE T-DAGGER GEOMETRY L T-TMP301,49.0,12.860892388451443,https://www.infotec.com.pe/t-dagger/22024-pad-mouse-t-dagger-geometry-l-t-tmp301-6950376774507.html,Disponible
20,https://www.infotec.com.pe/52317-home_default/pad-mouse-logitech-g240-943-000093-340mm-x-280mm.jpg,PAD MOUSE LOGITECH G240 ( 943-000093 ) 340MM X 280MM,49.0,12.860892388451443,https://www.infotec.com.pe/pad-mouse-gamer/8986-pad-mouse-logitech-g240-943-000093-340mm-x-280mm.html,Disponible
21,https://www.infotec.com.pe/54494-home_default/combo-teros-4-en-1-te-4050-teclado-mouse-mousepad-headset.jpg,COMBO TEROS 4 EN 1 TE-4050 TECLADO MOUSE MOUSEPAD HEADSET,59.0,15.485564304461942,https://www.infotec.com.pe/kit-4-en-1/21135-combo-teros-4-en-1-te-4050-teclado-mouse-mousepad-headset.html,Disponible
22,https://www.infotec.com.pe/48668-home_default/mouse-redragon-centrophorus2-m601-rgb-gaming-led-rgb.jpg,MOUSE REDRAGON CENTROPHORUS2 ( M601-RGB ) GAMING | LED-RGB,59.0,15.485564304461942,https://www.infotec.com.pe/accesorios-gamer/20031-mouse-redragon-centrophorus2-m601-rgb-gaming-led-rgb-6950376707635.html,Disponible
23,https://www.infotec.com.pe/32797-home_default/pad-mouse-gaming-gambyte-blaze--pro-gi_blaze-s-280mm-x-240mm.jpg,PAD MOUSE GAMBYTE BLAZE PRO (GI-BLAZE) GAMING | S,59.0,15.485564304461942,https://www.infotec.com.pe/pad-mouse-gamer/9061-pad-mouse-gaming-gambyte-blaze--pro-gi_blaze-s-280mm-x-240mm.html,Disponible
24,https://www.infotec.com.pe/68049-home_default/pad-mouse-razer-sphex-v3-small-hard-black-rz02-03820100-r3u1.jpg,PAD MOUSE RAZER SPHEX V3 SMALL HARD BLACK...,59.0,15.485564304461942,https://www.infotec.com.pe/zona-gamer/23518-pad-mouse-razer-sphex-v3-small-hard-black-rz02-03820100-r3u1.html,Disponible
25,https://www.infotec.com.pe/58828-home_default/mouse-t-dagger-beifadier-rgb-black-t-tgm206rgb-gaming-led-rgb.jpg,MOUSE T-DAGGER BEIFADIER RGB BLACK ( T-TGM206RGB) GAMING...,59.0,15.485564304461942,https://www.infotec.com.pe/t-dagger/22011-mouse-t-dagger-beifadier-rgb-black-t-tgm206rgb-gaming-led-rgb-6950376708601.html,Disponible
26,https://www.infotec.com.pe/58829-home_default/mouse-t-dagger-beifadier-rgb-white-t-tgm206w-gaming-led-rgb.jpg,MOUSE T-DAGGER BEIFADIER RGB WHITE ( T-TGM206W ) GAMING |...,59.0,15.485564304461942,https://www.infotec.com.pe/t-dagger/22012-mouse-t-dagger-beifadier-rgb-white-t-tgm206w-gaming-led-rgb-6950376708434.html,Disponible
27,https://www.infotec.com.pe/32868-home_default/pad-mouse-redragon-kunlun-l-speed-p006-p006a-gaming-l.jpg,PAD MOUSE REDRAGON KUNLUN L SPEED P006 (P006A) GAMING | L,59.0,15.485564304461942,https://www.infotec.com.pe/pad-mouse-gamer/9046-pad-mouse-redragon-kunlun-l-speed-p006-p006a-gaming-l-6950376750075.html,Disponible
28,https://www.infotec.com.pe/36276-home_default/pad-mouse-redragon-p026-pluto-rgb.jpg,PAD MOUSE REDRAGON P026 PLUTO RGB,59.0,15.485564304461942,https://www.infotec.com.pe/redragon/17800-pad-mouse-redragon-p026-pluto-rgb-6950376775887.html,Disponible
29,https://www.infotec.com.pe/67827-home_default/mouse-t-dagger-imperial-black-t-tgm310rgb-v3-gaming-led-rgb.jpg,MOUSE T-DAGGER IMPERIAL BLACK ( T-TGM310RGB V3 ) GAMING |...,69.0,18.11023622047244,https://www.infotec.com.pe/zona-gamer/22582-mouse-t-dagger-imperial-black-t-tgm310rgb-v3-gaming-led-rgb-6950376710031.html,Disponible
30,https://www.infotec.com.pe/32935-home_default/pad-mouse-hyperx-fury-s-pro-gaming---hxmpfsl---450mm--400mm.jpg,PAD MOUSE HYPERX FURY S PRO (HX-MPFS-L) GAMING | L,69.0,18.11023622047244,https://www.infotec.com.pe/pad-mouse-gamer/8983-pad-mouse-hyperx-fury-s-pro-gaming---hxmpfsl---450mm--400mm.html,Disponible
31,https://www.infotec.com.pe/45435-home_default/pad-mouse-gambyte-blaze-g-pro-gaming-gi-blazeg-gaming-s-280mm-240mm-led-rgb.jpg,PAD MOUSE GAMBYTE BLAZE G PRO GAMING ( GI- BLAZEG )...,69.0,18.11023622047244,https://www.infotec.com.pe/pad-mouse-gamer/19466-pad-mouse-gambyte-blaze-g-pro-gaming-gi-blazeg-gaming-s-280mm-240mm-led-rgb.html,Disponible
32,https://www.infotec.com.pe/70331-home_default/pad-mouse-gaming-antryx-accura-33-rgb-33x26cm-amp-1200rgb.jpg,PAD MOUSE GAMING ANTRYX ACCURA 33 RGB 33X26CM AMP-1200RGB,69.0,18.11023622047244,https://www.infotec.com.pe/pad-mouse-gamer/18720-pad-mouse-gaming-antryx-accura-33-rgb-33x26cm-amp-1200rgb.html,Disponible
33,https://www.infotec.com.pe/42896-home_default/pad-mouse-redragon-flick-xl-p032-gaming-900x400x4mm.jpg,PAD MOUSE REDRAGON FLICK XL ( P032 ) GAMING | 900X400X4MM,69.0,18.11023622047244,https://www.infotec.com.pe/pad-mouse-gamer/19073-pad-mouse-redragon-flick-xl-p032-gaming-900x400x4mm-6950376779908.html,Disponible
34,https://www.infotec.com.pe/32367-home_default/mouse-redragon-griffin-m607-gaming-led-rgb.jpg,MOUSE REDRAGON GRIFFIN M607 | GAMING | LED-RGB,69.0,18.11023622047244,https://www.infotec.com.pe/mouse-gamer/9188-mouse-redragon-griffin-m607-gaming-led-rgb-6950376750938.html,Disponible
35,https://www.infotec.com.pe/43689-home_default/pad-mouse-vsg-armagedon-vg-mp396-xxl-speed-1200x600x3mm.jpg,PAD MOUSE VSG ARMAGEDON ( VG-MP396 ) XXL | SPEED |...,69.0,18.11023622047244,https://www.infotec.com.pe/promocion-vsg/19219-pad-mouse-vsg-armagedon-vg-mp396-xxl-speed-1200x600x3mm-7453048706251.html,Disponible
36,https://www.infotec.com.pe/34814-home_default/pad-mouse-logitech-g440-hard-surface-943-000098-gaming-m.jpg,PAD MOUSE LOGITECH G440 HARD SURFACE (943-000098) GAMING | M,69.0,18.11023622047244,https://www.infotec.com.pe/pad-mouse-gamer/8069-pad-mouse-logitech-g440-hard-surface-943-000098-gaming-m.html,Disponible
37,https://www.infotec.com.pe/52460-home_default/mouse-redragon-griffin-m607w-white-rgb-7200-dpi.jpg,MOUSE REDRAGON GRIFFIN M607W WHITE | RGB | 7200 DPI,74.0,19.42257217847769,https://www.infotec.com.pe/redragon/9045-mouse-redragon-griffin-m607w-white-rgb-7200-dpi.html,Disponible
38,https://www.infotec.com.pe/48413-home_default/kit-2-en-1-cougar-padmouse-speed-xc-mouse-minos-xc.jpg,KIT 2 EN 1 COUGAR PADMOUSE SPEED XC + MOUSE MINOS XC,78.0,20.47244094488189,https://www.infotec.com.pe/kit/20010-kit-2-en-1-cougar-padmouse-speed-xc-mouse-minos-xc.html,Disponible
39,https://www.infotec.com.pe/32341-home_default/mouse-redragon-invader-m719-m719-rgb-gaming-led-rgb.jpg,MOUSE REDRAGON INVADER M719 ( M719-RGB ) GAMING | LED-RGB,78.0,20.47244094488189,https://www.infotec.com.pe/redragon/9185-mouse-redragon-invader-m719-m719-rgb-gaming-led-rgb-6950376783325.html,Disponible
40,https://www.infotec.com.pe/57925-home_default/pad-mouse-gaming-corsair-mm250-xl-45x40cm-ch-9412560-ww.jpg,PAD MOUSE GAMING CORSAIR MM250 XL 45X40CM (CH-9412560-WW),79.0,20.73490813648294,https://www.infotec.com.pe/corsair/21847-pad-mouse-gaming-corsair-mm250-xl-45x40cm-ch-9412560-ww.html,Disponible
41,https://www.infotec.com.pe/42186-home_default/mouse-gamer-vsg-aurora-purpura-720014400-dpi-paracord-ptfe-7-botones-vg-m430-pau.jpg,MOUSE GAMER VSG AURORA PURPURA | 7200/14400 DPI |...,79.0,20.73490813648294,https://www.infotec.com.pe/promocion-vsg/18971-mouse-gamer-vsg-aurora-purpura-720014400-dpi-paracord-ptfe-7-botones-vg-m430-pau.html,Disponible
42,https://www.infotec.com.pe/57830-home_default/mouse-corsair-harpoon-rgb-pro-ch-9301111-na-gaming-led-rgb.jpg,MOUSE CORSAIR HARPOON RGB PRO ( CH-9301111-NA ) GAMING |...,88.0,23.097112860892388,https://www.infotec.com.pe/corsair/21834-mouse-corsair-harpoon-rgb-pro-ch-9301111-na-gaming-led-rgb.html,Disponible
43,https://www.infotec.com.pe/32327-home_default/mouse-redragon-cobra-black-m711-gaming-led-rgb.jpg,MOUSE REDRAGON COBRA BLACK ( M711 ) GAMING | LED-RGB,88.0,23.097112860892388,https://www.infotec.com.pe/mouse-gamer/16850-mouse-redragon-cobra-black-m711-gaming-led-rgb-6950376750549.html,Disponible
44,https://www.infotec.com.pe/42181-home_default/mouse-vsg-aurora-azul-polar-vg-m430-azp-gaming-12k-dpi-sensor-pmw3360-led-rgb.jpg,MOUSE VSG AURORA AZUL POLAR ( VG-M430-AZP ) GAMING | 12K...,88.0,23.097112860892388,https://www.infotec.com.pe/promocion-vsg/18970-mouse-vsg-aurora-azul-polar-vg-m430-azp-gaming-12k-dpi-sensor-pmw3360-led-rgb-7453048706336.html,Disponible
45,https://www.infotec.com.pe/57846-home_default/mouse-gaming-corsair-katar-pro-124k-ultraligero-ch-930c011-na.jpg,MOUSE GAMING CORSAIR KATAR PRO 12.4K ULTRALIGERO...,88.0,23.097112860892388,https://www.infotec.com.pe/corsair/21836-mouse-gaming-corsair-katar-pro-124k-ultraligero-ch-930c011-na.html,Disponible
46,https://www.infotec.com.pe/57930-home_default/pad-mouse-gaming-corsair-mm350-champion-x-large-mm350-champion.jpg,PAD MOUSE GAMING CORSAIR MM350 CHAMPION X LARGE (MM350...,89.0,23.35958005249344,https://www.infotec.com.pe/corsair/21848-pad-mouse-gaming-corsair-mm350-champion-x-large-mm350-champion.html,Disponible
47,https://www.infotec.com.pe/32863-home_default/pad-mouse-gambyte-blaze-pro-gaming-800mm-x-300mm.jpg,PAD MOUSE GAMBYTE BLAZE PRO (GI-BLAZE) GAMING | XL,89.0,23.35958005249344,https://www.infotec.com.pe/pad-mouse-gamer/7965-pad-mouse-gambyte-blaze-pro-gaming-800mm-x-300mm.html,Disponible
48,https://www.infotec.com.pe/40213-home_default/pad-mouse-logitech-g640-943-000088-large-cloth-460mm-x-400mm.jpg,PAD MOUSE LOGITECH G640 ( 943-000088 ) LARGE CLOTH 460MM...,89.0,23.35958005249344,https://www.infotec.com.pe/pad-mouse-gamer/5005-pad-mouse-logitech-g640-943-000088-large-cloth-460mm-x-400mm.html,Disponible
49,https://www.infotec.com.pe/34372-home_default/mouse-redragon-cobra-white-m711w-gaming-led-rgb.jpg,MOUSE REDRAGON COBRA WHITE M711W | GAMING | LED-RGB,95.0,24.93438320209974,https://www.infotec.com.pe/mouse-gamer/17679-mouse-redragon-cobra-white-m711w-gaming-led-rgb-6950376776877.html,Disponible
50,https://www.infotec.com.pe/58524-home_default/mouse-gamer-lenovo-m300-rgb-usb-gy50x79384.jpg,MOUSE GAMER LENOVO M300 RGB USB GY50X79384,98.0,25.721784776902886,https://www.infotec.com.pe/mouse-gamer/21986-mouse-gamer-lenovo-m300-rgb-usb-gy50x79384.html,Disponible
51,https://www.infotec.com.pe/32338-home_default/mouse-gaming-redragon-cobra-m711-fps.jpg,MOUSE REDRAGON COBRA M711 FPS | GAMING | LED-RGB,98.0,25.721784776902886,https://www.infotec.com.pe/mouse-gamer/9044-mouse-gaming-redragon-cobra-m711-fps.html,Disponible
52,https://www.infotec.com.pe/44910-home_default/mouse-gaming-corsair-harpoon-pro-rgb.jpg,MOUSE GAMING CORSAIR HARPOON PRO RGB,99.0,25.984251968503937,https://www.infotec.com.pe/mouse-gamer/19386-mouse-gaming-corsair-harpoon-pro-rgb.html,Disponible
53,https://www.infotec.com.pe/33928-home_default/adaptador-para-consola-redragon-eris-ga200-tecladomouse-a-ps4xboxnintento-switch.jpg,ADAPTADOR PARA CONSOLA REDRAGON ERIS GA200 (TECLADO/MOUSE...,99.0,25.984251968503937,https://www.infotec.com.pe/accesorios-gamer/16841-adaptador-para-consola-redragon-eris-ga200-tecladomouse-a-ps4xboxnintento-switch-6950376774682.html,Disponible
54,https://www.infotec.com.pe/55225-home_default/pad-mouse-gaming-razer-sphex-v3-hard-rz02-03820200r3u1.jpg,PAD MOUSE GAMING RAZER SPHEX V3 HARD RZ02-03820200_R3U1,99.0,25.984251968503937,https://www.infotec.com.pe/razer/21313-pad-mouse-gaming-razer-sphex-v3-hard-rz02-03820200r3u1-8886419319207.html,Disponible
55,https://www.infotec.com.pe/47215-home_default/kit-4-en-1-trust-ziva-teclado-audifono-mouse-pad-mouse-conexion-usb.jpg,KIT 4 EN 1 TRUST ZIVA | TECLADO | AUDIFONO | MOUSE PAD |...,104.0,27.296587926509186,https://www.infotec.com.pe/kit-4-en-1/19536-kit-4-en-1-trust-ziva-teclado-audifono-mouse-pad-mouse-conexion-usb-8713439223125.html,Disponible
56,https://www.infotec.com.pe/40831-home_default/mouse-logitech-g203-black-lightsync-910-005790-gaming-8000-dpi-led-rgb.jpg,MOUSE LOGITECH G203 BLACK LIGHTSYNC ( 910-005790 ) GAMING...,109.0,28.608923884514436,https://www.infotec.com.pe/mouse-gamer/18738-mouse-logitech-g203-black-lightsync-910-005790-gaming-8000-dpi-led-rgb.html,Disponible
57,https://www.infotec.com.pe/69412-home_default/mouse-logitech-m650-signature-silent-wireless-white-910-006252.jpg,MOUSE LOGITECH M650 SIGNATURE SILENT WIRELESS WHITE...,117.0,30.708661417322833,https://www.infotec.com.pe/mouse-gamer/23645-mouse-logitech-m650-signature-silent-wireless-white-910-006252.html,Disponible
58,https://www.infotec.com.pe/40051-home_default/mouse-gamer-razer-deathadder-v2-mini-rz01-03340100-r3u1-dpi-8500-rgb.jpg,MOUSE GAMER RAZER DEATHADDER V2 MINI ( RZ01-03340100-R3U1...,117.0,30.708661417322833,https://www.infotec.com.pe/mouse-gamer-razer/18592-mouse-gamer-razer-deathadder-v2-mini-rz01-03340100-r3u1-dpi-8500-rgb-8886419332961.html,Disponible
59,https://www.infotec.com.pe/33613-home_default/kit-teclado-y-mouse-logitech-mk270.jpg,KIT LOGITECH MK270 (920-004432) WIRELESS | TECLADO + MOUSE,118.0,30.971128608923884,https://www.infotec.com.pe/kit-teclado-mouse/319-kit-teclado-y-mouse-logitech-mk270.html,Disponible
60,https://www.infotec.com.pe/58843-home_default/mouse-logitech-signature-m650-silet-wireless-bluetooth-black-910-006250.jpg,MOUSE LOGITECH SIGNATURE M650 SILET WIRELESS BLUETOOTH...,118.0,30.971128608923884,https://www.infotec.com.pe/logitech/22029-mouse-logitech-signature-m650-silet-wireless-bluetooth-black-910-006250.html,Disponible
61,https://www.infotec.com.pe/32350-home_default/mouse-gamer-redragon-m908-impact.jpg,MOUSE REDRAGON IMPACT M908 | GAMING | LED-RGB,119.0,31.233595800524935,https://www.infotec.com.pe/redragon/9022-mouse-gamer-redragon-m908-impact.html,Disponible
62,https://www.infotec.com.pe/68059-home_default/pad-mouse-razer-strider-hybrid-large-black-rz02-03810200-r3u1.jpg,PAD MOUSE RAZER STRIDER HYBRID LARGE BLACK...,119.0,31.233595800524935,https://www.infotec.com.pe/zona-gamer/23520-pad-mouse-razer-strider-hybrid-large-black-rz02-03810200-r3u1-8886419319375.html,Disponible
63,https://www.infotec.com.pe/70341-home_default/pad-mouse-cooler-master-masteraccessory-mp511-xl-mp-511-cbec1.jpg,PAD MOUSE COOLER MASTER MASTERACCESSORY MP511 XL...,119.0,31.233595800524935,https://www.infotec.com.pe/pad-mouse-gamer/23258-pad-mouse-cooler-master-masteraccessory-mp511-xl-mp-511-cbec1-4719512110195.html,Disponible
64,https://www.infotec.com.pe/40760-home_default/pad-mouse-gaming-antryx-accura-80-rgb-80x30cm-amp-5100rgb-gaming.jpg,PAD MOUSE GAMING ANTRYX ACCURA 80 RGB 80X30CM  AMP...,119.0,31.233595800524935,https://www.infotec.com.pe/pad-mouse-gamer/18714-pad-mouse-gaming-antryx-accura-80-rgb-80x30cm-amp-5100rgb-gaming.html,Consultar
65,https://www.infotec.com.pe/40061-home_default/mouse-razer-viper-mini-gaming-rgb-8500dpi.jpg,MOUSE RAZER VIPER MINI GAMING RGB 8500DPI,127.0,33.333333333333336,https://www.infotec.com.pe/mouse-gamer/18594-mouse-razer-viper-mini-gaming-rgb-8500dpi.html,Disponible
66,https://www.infotec.com.pe/43099-home_default/mouse-logitech-g203-lightsync-white-910-005791-8000-dpi-gaming-led-rgb.jpg,MOUSE LOGITECH G203 LIGHTSYNC WHITE (910-005791) 8000 DPI...,128.0,33.59580052493438,https://www.infotec.com.pe/mouse-gamer/19085-mouse-logitech-g203-lightsync-white-910-005791-8000-dpi-gaming-led-rgb.html,Disponible
67,https://www.infotec.com.pe/32771-home_default/mouse-hyperx-pulsefire-fps-pro-hx-mc003b-gaming--led-rgb.jpg,MOUSE HYPERX PULSEFIRE FPS PRO (HX-MC003B) GAMING | LED-RGB,128.0,33.59580052493438,https://www.infotec.com.pe/mouse-gamer/17483-mouse-hyperx-pulsefire-fps-pro-hx-mc003b-gaming--led-rgb.html,Consultar
68,https://www.infotec.com.pe/44662-home_default/mouse-cooler-master-cm310-negro-cm-310-kkwo2-gaming-led-rgb.jpg,MOUSE COOLER MASTER CM310 NEGRO ( CM-310-KKWO2 ) GAMING |...,128.0,33.59580052493438,https://www.infotec.com.pe/mouse-gamer/14453-mouse-cooler-master-cm310-negro-cm-310-kkwo2-gaming-led-rgb.html,Consultar
69,https://www.infotec.com.pe/69689-home_default/kit-vsg-pyxis-vg-bl099-blk-gaming-teclado-mouse-pad-mouse.jpg,KIT VSG PYXIS ( VG-BL099-BLK ) GAMING | TECLADO + MOUSE +...,129.0,33.85826771653543,https://www.infotec.com.pe/inicio/23827-kit-vsg-pyxis-vg-bl099-blk-gaming-teclado-mouse-pad-mouse-7453048708071.html,Disponible
70,https://www.infotec.com.pe/32234-home_default/mouse-razer-deathadder-essential-rz01-02540100-r3u1-gaming-led-verde.jpg,MOUSE RAZER DEATHADDER ESSENTIAL ( RZ01-02540100-R3U1 )...,129.0,33.85826771653543,https://www.infotec.com.pe/mouse-gamer-razer/14641-mouse-razer-deathadder-essential-rz01-02540100-r3u1-gaming-led-verde-8886419332398.html,Disponible
71,https://www.infotec.com.pe/33510-home_default/kit-teclado-logitech-y-mouse-mk345-wireless-usb-sp-black.jpg,KIT LOGITECH MK345 (920-007820) WIRELESS | TECLADO + MOUSE,137.0,35.958005249343834,https://www.infotec.com.pe/kit-teclado-mouse/6724-kit-teclado-logitech-y-mouse-mk345-wireless-usb-sp-black.html,Disponible
72,https://www.infotec.com.pe/57935-home_default/pad-mouse-gaming-corsair-mm350-extended-95x40cm-ch-9413571-ww.jpg,PAD MOUSE GAMING CORSAIR MM350 EXTENDED 95X40CM...,139.0,36.48293963254593,https://www.infotec.com.pe/corsair/21849-pad-mouse-gaming-corsair-mm350-extended-95x40cm-ch-9413571-ww.html,Disponible
73,https://www.infotec.com.pe/57908-home_default/mouse-corsair-katar-pro-wireless-ch-931c011-na-gaming.jpg,MOUSE CORSAIR KATAR PRO WIRELESS ( CH-931C011-NA ) GAMING,147.0,38.58267716535433,https://www.infotec.com.pe/corsair/21846-mouse-corsair-katar-pro-wireless-ch-931c011-na-gaming.html,Disponible
74,https://www.infotec.com.pe/68120-home_default/mouse-razer-basilisk-essential-6400-dpi-chroma-black-rz01-02650100-r3m1.jpg,MOUSE RAZER BASILISK ESSENTIAL 6400 DPI CHROMA BLACK...,147.0,38.58267716535433,https://www.infotec.com.pe/mouse-gamer/23505-mouse-razer-basilisk-essential-6400-dpi-chroma-black-rz01-02650100-r3m1.html,Disponible
75,https://www.infotec.com.pe/68025-home_default/pad-mouse-razer-goliathus-chroma-soft-black-rz02-02500100-r3u1.jpg,PAD MOUSE RAZER GOLIATHUS CHROMA SOFT BLACK...,149.0,39.10761154855643,https://www.infotec.com.pe/zona-gamer/23516-pad-mouse-razer-goliathus-chroma-soft-black-rz02-02500100-r3u1.html,Disponible
76,https://www.infotec.com.pe/65291-home_default/mouse-gaming-evga-torq-x10-carbon-1102-laser-901-x1-1102-kr.jpg,MOUSE GAMING EVGA TORQ X10 CARBON 1102 LASER...,149.0,39.10761154855643,https://www.infotec.com.pe/mouse-gamer/8903-mouse-gaming-evga-torq-x10-carbon-1102-laser-901-x1-1102-kr-4250812402943.html,Disponible
77,https://www.infotec.com.pe/44501-home_default/mouse-logitech-g305-ligthspeed-wireless-910-005289-white.jpg,MOUSE LOGITECH G305 LIGTHSPEED WIRELESS  ( 910-005289 )...,159.0,41.732283464566926,https://www.infotec.com.pe/mouse-gamer/19267-mouse-logitech-g305-ligthspeed-wireless-910-005289-white.html,Disponible
78,https://www.infotec.com.pe/31806-home_default/mouse-logitech-g305-lightspeed-wireless-910-005281-black.jpg,MOUSE LOGITECH G305 LIGHTSPEED WIRELESS (910-005281) BLACK,166.0,43.56955380577428,https://www.infotec.com.pe/mouse-gamer/8397-mouse-logitech-g305-lightspeed-wireless-910-005281-black.html,Disponible
79,https://www.infotec.com.pe/43580-home_default/mouse-gamer-razer-deathadder-v2-20k-dpi-focus-rz01-03210100-r3u1.jpg,MOUSE GAMER RAZER DEATHADDER V2 | 20K DPI | FOCUS...,169.0,44.356955380577425,https://www.infotec.com.pe/mouse-gamer-razer/19188-mouse-gamer-razer-deathadder-v2-20k-dpi-focus-rz01-03210100-r3u1-8886419332862.html,Disponible
80,https://www.infotec.com.pe/59131-home_default/mouse-redragon-storm-pro-wireless-m808-ks-gaming-dual-mode-led-rgb.jpg,MOUSE REDRAGON STORM PRO WIRELESS ( M808-KS ) GAMING |...,169.0,44.356955380577425,https://www.infotec.com.pe/redragon/22090-mouse-redragon-storm-pro-wireless-m808-ks-gaming-dual-mode-led-rgb-6950376781277.html,Disponible
81,https://www.infotec.com.pe/45558-home_default/pad-mouse-razer-goliathus-chroma-rz02-02500100-r3u1-m-255mm-x-355mm-led-rgb.jpg,PAD MOUSE RAZER GOLIATHUS CHROMA (RZ02-02500100-R3U1) | M...,169.0,44.356955380577425,https://www.infotec.com.pe/pad-mouse-gamer/8987-pad-mouse-razer-goliathus-chroma-rz02-02500100-r3u1-m-255mm-x-355mm-led-rgb.html,Disponible
82,https://www.infotec.com.pe/44780-home_default/mouse-corsair-harpoon-rgb-wireless-ch-9311011-na-gaming-led-rgb.jpg,MOUSE CORSAIR HARPOON RGB WIRELESS ( CH-9311011-NA )...,177.0,46.45669291338583,https://www.infotec.com.pe/corsair/19370-mouse-corsair-harpoon-rgb-wireless-ch-9311011-na-gaming-led-rgb.html,Disponible
83,https://www.infotec.com.pe/68017-home_default/pad-mouse-razer-firefly-v2-rz02-03020100-r3u1-gaming-chroma-razer.jpg,PAD MOUSE RAZER FIREFLY V2 ( RZ02-03020100-R3U1 ) GAMING...,179.0,46.981627296587924,https://www.infotec.com.pe/zona-gamer/23514-pad-mouse-razer-firefly-v2-rz02-03020100-r3u1-gaming-chroma-razer-8886419318323.html,Disponible
84,https://www.infotec.com.pe/42445-home_default/mouse-corsair-m65-rgb-elite-ch-9309011-na-gaming-led-rgb.jpg,MOUSE CORSAIR M65 RGB ELITE ( CH-9309011-NA ) GAMING |...,186.0,48.818897637795274,https://www.infotec.com.pe/corsair/19016-mouse-corsair-m65-rgb-elite-ch-9309011-na-gaming-led-rgb.html,Disponible
85,https://www.infotec.com.pe/57877-home_default/mouse-corsair-m65-rgb-elite-white-ch-9309111-na-gaming-led-rgb.jpg,MOUSE CORSAIR M65 RGB ELITE WHITE ( CH-9309111-NA )...,186.0,48.818897637795274,https://www.infotec.com.pe/corsair/21840-mouse-corsair-m65-rgb-elite-white-ch-9309111-na-gaming-led-rgb.html,Disponible
86,https://www.infotec.com.pe/57838-home_default/mouse-corsair-ironclaw-rgb-ch-9307011-na-gaming-led-rgb.jpg,MOUSE CORSAIR IRONCLAW RGB ( CH-9307011-NA ) GAMING |...,207.0,54.33070866141732,https://www.infotec.com.pe/corsair/21835-mouse-corsair-ironclaw-rgb-ch-9307011-na-gaming-led-rgb.html,Disponible
87,https://www.infotec.com.pe/67918-home_default/pad-mouse-razer-strider-rz02-03810100-r3u1-hybrid-gaming-xxl-black.jpg,PAD MOUSE RAZER STRIDER ( RZ02-03810100-R3U1 ) HYBRID...,209.0,54.85564304461942,https://www.infotec.com.pe/pad-mouse-gamer/23492-pad-mouse-razer-strider-rz02-03810100-r3u1-hybrid-gaming-xxl-black-8886419319160.html,Disponible
88,https://www.infotec.com.pe/63282-home_default/mouse-gamer-razer-deathadder-v2-hyperspeed-rz01-04130100-r3u1.jpg,MOUSE GAMER RAZER DEATHADDER V2 X HYPERSPEED...,216.0,56.69291338582677,https://www.infotec.com.pe/mouse-gamer-razer/22219-mouse-gamer-razer-deathadder-v2-hyperspeed-rz01-04130100-r3u1.html,Disponible
89,https://www.infotec.com.pe/31927-home_default/mouse-gaming-logitech-g502-hero-rgb-usb-910_005469.jpg,MOUSE LOGITECH G502 HERO (910-005469) GAMING | LED-RGB,219.0,57.48031496062992,https://www.infotec.com.pe/mouse-gamer/8405-mouse-gaming-logitech-g502-hero-rgb-usb-910_005469.html,Disponible
90,https://www.infotec.com.pe/68008-home_default/pad-mouse-razer-acari-rz02-03310100-r3u1-ultra-high-speed-hard-large-ultra-low-friction.jpg,PAD MOUSE RAZER ACARI ( RZ02-03310100-R3U1 ) ULTRA...,219.0,57.48031496062992,https://www.infotec.com.pe/zona-gamer/23513-pad-mouse-razer-acari-rz02-03310100-r3u1-ultra-high-speed-hard-large-ultra-low-friction-8886419318705.html,Disponible
91,https://www.infotec.com.pe/68304-home_default/mouse-gaming-corsair-sabre-pro-rgb-champion-series-ultralight-ch-9303111-na.jpg,MOUSE GAMING CORSAIR SABRE PRO RGB CHAMPION SERIES...,226.0,59.31758530183727,https://www.infotec.com.pe/corsair/23573-mouse-gaming-corsair-sabre-pro-rgb-champion-series-ultralight-ch-9303111-na.html,Disponible
92,https://www.infotec.com.pe/68299-home_default/mouse-corsair-sabre-pro-ch-9303101-na-gaming.jpg,MOUSE CORSAIR SABRE PRO ( CH-9303101-NA ) GAMING,235.0,61.67979002624672,https://www.infotec.com.pe/corsair/23572-mouse-corsair-sabre-pro-ch-9303101-na-gaming.html,Disponible
93,https://www.infotec.com.pe/54338-home_default/kit-gamer-redragon-k552rgb-ba-w-gaming-teclado-mouse-white-led-rgb.jpg,KIT GAMER REDRAGON (K552RGB-BA-W) GAMING TECLADO + MOUSE...,236.0,61.94225721784777,https://www.infotec.com.pe/zona-gamer/21206-kit-gamer-redragon-k552rgb-ba-w-gaming-teclado-mouse-white-led-rgb-6950376708137.html,Disponible
94,https://www.infotec.com.pe/57942-home_default/pad-mouse-gaming-corsair-mm800-rgb-aluminio-medium-ch-9440020-na.jpg,PAD MOUSE GAMING CORSAIR MM800 RGB ALUMINIO MEDIUM...,239.0,62.729658792650916,https://www.infotec.com.pe/corsair/21850-pad-mouse-gaming-corsair-mm800-rgb-aluminio-medium-ch-9440020-na.html,Disponible
95,https://www.infotec.com.pe/32373-home_default/mouse-logitech-g703-910-005638-gaming-led-rgb.jpg,MOUSE LOGITECH G703 (910-005638) GAMING | LED-RGB,246.0,64.56692913385827,https://www.infotec.com.pe/mouse-gamer/17188-mouse-logitech-g703-910-005638-gaming-led-rgb.html,Disponible
96,https://www.infotec.com.pe/45510-home_default/mouse-gaming-razer-basilisk-v2-20k-dpi-rz01-03160100-r3u1.jpg,MOUSE GAMING RAZER BASILISK V2 20K DPI (RZ01-03160100-R3U1),255.0,66.92913385826772,https://www.infotec.com.pe/mouse-gamer/19502-mouse-gaming-razer-basilisk-v2-20k-dpi-rz01-03160100-r3u1.html,Disponible
97,https://www.infotec.com.pe/65021-home_default/mouse-logitech-lift-vertical-inalambrico-bt.jpg,MOUSE LOGITECH LIFT VERTICAL | INALAMBRICO | BT,255.0,66.92913385826772,https://www.infotec.com.pe/mouse/22828-mouse-logitech-lift-vertical-inalambrico-bt.html,Disponible
98,https://www.infotec.com.pe/58428-home_default/mouse-razer-viper-8khz-focus-optical-switch-ambidextrous-black.jpg,MOUSE RAZER VIPER 8KHZ FOCUS + OPTICAL SWITCH...,276.0,72.44094488188976,https://www.infotec.com.pe/mouse-gamer-razer/21972-mouse-razer-viper-8khz-focus-optical-switch-ambidextrous-black-8886419333142.html,Disponible
99,https://www.infotec.com.pe/56994-home_default/mouse-razer-naga-x-mmo-rz01-03590100-r3u1-ergonomic-18k-dpi-16-botones-chroma-black.jpg,MOUSE RAZER NAGA X MMO (RZ01-03590100-R3U1) ERGONOMIC 18K...,279.0,73.22834645669292,https://www.infotec.com.pe/mouse-gamer-razer/21632-mouse-razer-naga-x-mmo-rz01-03590100-r3u1-ergonomic-18k-dpi-16-botones-chroma-black-8886419333166.html,Disponible
100,https://www.infotec.com.pe/64482-home_default/mouse-razer-basilisk-v3-focus-rz01-04000100-r3u1-26k-hyperscroll-tilt-chroma-black.jpg,MOUSE RAZER BASILISK V3 FOCUS+ ( RZ01-04000100-R3U1 ) 26K...,286.0,75.06561679790026,https://www.infotec.com.pe/mouse-gamer-razer/22972-mouse-razer-basilisk-v3-focus-rz01-04000100-r3u1-26k-hyperscroll-tilt-chroma-black-8886419333494.html,Disponible
101,https://www.infotec.com.pe/57902-home_default/mouse-corsair-ironclaw-rgb-wireless-ch-9317011-na-gaming-led-rgb.jpg,MOUSE CORSAIR IRONCLAW RGB WIRELESS ( CH-9317011-NA )...,296.0,77.69028871391076,https://www.infotec.com.pe/corsair/21845-mouse-corsair-ironclaw-rgb-wireless-ch-9317011-na-gaming-led-rgb-8813121075961.html,Disponible
102,https://www.infotec.com.pe/69379-home_default/mouse-logitech-g502-x-white-910-006144-gaminghero-25k.jpg,MOUSE LOGITECH G502 X WHITE (910-006144) GAMING/HERO 25K,296.0,77.69028871391076,https://www.infotec.com.pe/mouse-gamer/23655-mouse-logitech-g502-x-white-910-006144-gaminghero-25k.html,Disponible
103,https://www.infotec.com.pe/69528-home_default/mouse-logitech-g502-x-910-006136-gaming-hero-25k.jpg,MOUSE LOGITECH G502 X ( 910-006136 ) GAMING | HERO 25K,296.0,77.69028871391076,https://www.infotec.com.pe/mouse-gamer/23640-mouse-logitech-g502-x-910-006136-gaming-hero-25k.html,Disponible
104,https://www.infotec.com.pe/67360-home_default/mouse-logitech-g705-lightspeed-910-006366-led-rgb.jpg,MOUSE LOGITECH G705 LIGHTSPEED ( 910-006366 ) LED-RGB,315.0,82.67716535433071,https://www.infotec.com.pe/mouse-gamer/23411-mouse-logitech-g705-lightspeed-910-006366-led-rgb.html,Disponible
105,https://www.infotec.com.pe/57892-home_default/mouse-gaming-wireless-corsair-dark-core-rgb-pro-ch-9315411-na.jpg,MOUSE GAMING WIRELESS CORSAIR DARK CORE RGB PRO...,325.0,85.30183727034121,https://www.infotec.com.pe/corsair/21843-mouse-gaming-wireless-corsair-dark-core-rgb-pro-ch-9315411-na.html,Disponible
106,https://www.infotec.com.pe/43073-home_default/mouse-logitech-mx-ergo-wireless-910-005177-bluetooth-trackball-black.jpg,MOUSE LOGITECH MX ERGO WIRELESS ( 910-005177 ) BLUETOOTH...,329.0,86.35170603674541,https://www.infotec.com.pe/mouse/14592-mouse-logitech-mx-ergo-wireless-910-005177-bluetooth-trackball-black.html,Disponible
107,https://www.infotec.com.pe/54344-home_default/kit-3-en-1-redragon-s129w-teclado-mouse-y-audifono-white-red-switch.jpg,KIT 3 EN 1 REDRAGON S129W TECLADO MOUSE Y AUDIFONO WHITE...,335.0,87.92650918635171,https://www.infotec.com.pe/zona-gamer/21207-kit-3-en-1-redragon-s129w-teclado-mouse-y-audifono-white-red-switch-6950376708144.html,Disponible
108,https://www.infotec.com.pe/63296-home_default/mouse-logitech-mx-anywhere-3-910-005992-bluetooth-graphite.jpg,MOUSE LOGITECH MX ANYWHERE 3 ( 910-005992 ) | BLUETOOTH |...,339.0,88.97637795275591,https://www.infotec.com.pe/logitech/22889-mouse-logitech-mx-anywhere-3-910-005992-bluetooth-graphite.html,Disponible
109,https://www.infotec.com.pe/57897-home_default/mouse-corsair-dark-core-rgb-pro-se-ch-9315511-na-gaming-led-rgb.jpg,MOUSE CORSAIR DARK CORE RGB PRO SE ( CH-9315511-NA )...,344.0,90.28871391076116,https://www.infotec.com.pe/corsair/21844-mouse-corsair-dark-core-rgb-pro-se-ch-9315511-na-gaming-led-rgb.html,Disponible
110,https://www.infotec.com.pe/68071-home_default/mouse-razer-naga-trinity-mmomoba-16k-dpi-chroma-black-rz01-02410100-r3u1.jpg,MOUSE RAZER NAGA TRINITY MMO/MOBA 16K DPI CHROMA BLACK...,354.0,92.91338582677166,https://www.infotec.com.pe/zona-gamer/23530-mouse-razer-naga-trinity-mmomoba-16k-dpi-chroma-black-rz01-02410100-r3u1.html,Disponible
111,https://www.infotec.com.pe/57918-home_default/pad-mouse-corsair-mm1000-ch-9440022-na-gaming.jpg,PAD MOUSE CORSAIR MM1000 CH 9440022 NA GAMING,359.0,94.22572178477691,https://www.infotec.com.pe/corsair/20237-pad-mouse-corsair-mm1000-ch-9440022-na-gaming.html,Disponible
112,https://www.infotec.com.pe/44784-home_default/mouse-inalambrico-razer-deathadder-v2-pro-rc30-03350100-gaming-led-rgb.jpg,MOUSE INALAMBRICO RAZER DEATHADDER V2 PRO RC30 03350100...,359.0,94.22572178477691,https://www.infotec.com.pe/mouse-gamer/19371-mouse-inalambrico-razer-deathadder-v2-pro-rc30-03350100-gaming-led-rgb-8886419332978.html,Disponible
113,https://www.infotec.com.pe/67976-home_default/mouse-razer-viper-8khz-esl-ed-focus-optical-switch-ambidextrous-black-rz01-03580200-r3m1.jpg,MOUSE RAZER VIPER 8KHZ ESL ED. FOCUS+ OPTICAL SWITCH...,364.0,95.53805774278216,https://www.infotec.com.pe/zona-gamer/23512-mouse-razer-viper-8khz-esl-ed-focus-optical-switch-ambidextrous-black-rz01-03580200-r3m1.html,Disponible
114,https://www.infotec.com.pe/68139-home_default/mouse-razer-deathadder-v2-pro-wireless-hyperspeed-20k-dpi-focus-chroma-black-rz01-03350100-r3u1.jpg,MOUSE RAZER DEATHADDER V2 PRO WIRELESS HYPERSPEED 20K DPI...,365.0,95.8005249343832,https://www.infotec.com.pe/mouse-gamer/23509-mouse-razer-deathadder-v2-pro-wireless-hyperspeed-20k-dpi-focus-chroma-black-rz01-03350100-r3u1.html,Disponible
115,https://www.infotec.com.pe/54153-home_default/mouse-logitech-g-pro-wireless-lightspeed-910-005270-gaming-hero-25k-dpi-led-rgb.jpg,MOUSE LOGITECH G PRO WIRELESS LIGHTSPEED ( 910-005270 )...,369.0,96.85039370078741,https://www.infotec.com.pe/mouse-gamer/20399-mouse-logitech-g-pro-wireless-lightspeed-910-005270-gaming-hero-25k-dpi-led-rgb.html,Disponible
116,https://www.infotec.com.pe/63260-home_default/mouse-logitech-mx-master-3s-wireless-910-006561-bluetooth-negro.jpg,MOUSE LOGITECH MX MASTER 3S WIRELESS ( 910-006561 ) |...,395.0,103.6745406824147,https://www.infotec.com.pe/logitech/22896-mouse-logitech-mx-master-3s-wireless-910-006561-bluetooth-negro.html,Disponible
117,https://www.infotec.com.pe/33029-home_default/mouse-logitech-g502-910-005565-gaming-wireless-led-rgb.jpg,MOUSE LOGITECH G502 (910-005565) GAMING | WIRELESS | LED-RGB,395.0,103.6745406824147,https://www.infotec.com.pe/mouse-gamer/17026-mouse-logitech-g502-910-005565-gaming-wireless-led-rgb.html,Disponible
118,https://www.infotec.com.pe/70217-home_default/pad-mouse-razer-goliathus-chroma-3xl-rz02-02500700-r3u1-soft-black.jpg,PAD MOUSE RAZER GOLIATHUS CHROMA 3XL (RZ02-02500700-R3U1)...,399.0,104.72440944881889,https://www.infotec.com.pe/pad-mouse-gamer/23925-pad-mouse-razer-goliathus-chroma-3xl-rz02-02500700-r3u1-soft-black-8887910063026.html,Disponible
119,https://www.infotec.com.pe/54152-home_default/mouse-logitech-g-pro-x-superlight-wireless-lightspeed-hero-25k-910-005878-gaming-black.jpg,MOUSE LOGITECH G PRO X SUPERLIGHT WIRELESS LIGHTSPEED...,414.0,108.66141732283464,https://www.infotec.com.pe/mouse-gamer/20401-mouse-logitech-g-pro-x-superlight-wireless-lightspeed-hero-25k-910-005878-gaming-black.html,Disponible
120,https://www.infotec.com.pe/54151-home_default/mouse-logitech-g-pro-x-superlight-white-wireless-lightspeed-910-005940-gaming-hero-25k-dpi.jpg,MOUSE LOGITECH G PRO X SUPERLIGHT WHITE WIRELESS...,419.0,109.97375328083989,https://www.infotec.com.pe/mouse-gamer/20402-mouse-logitech-g-pro-x-superlight-white-wireless-lightspeed-910-005940-gaming-hero-25k-dpi.html,Disponible
121,https://www.infotec.com.pe/57039-home_default/mouse-razer-viper-ultimate-rz01-03050100-r3u1-20k-focus-dpi-hyperspeed.jpg,MOUSE RAZER VIPER ULTIMATE (RZ01-03050100-R3U1) 20K FOCUS...,419.0,109.97375328083989,https://www.infotec.com.pe/mouse-gamer-razer/21634-mouse-razer-viper-ultimate-rz01-03050100-r3u1-20k-focus-dpi-hyperspeed-8886419332671.html,Disponible
122,https://www.infotec.com.pe/60990-home_default/mouse-logitech-g-pro-x-superlight-wireless-lightspeed-hero-25k-910-5954-gaming-red.jpg,MOUSE LOGITECH G PRO X SUPERLIGHT WIRELESS LIGHTSPEED...,423.0,111.02362204724409,https://www.infotec.com.pe/logitech-g/22474-mouse-logitech-g-pro-x-superlight-wireless-lightspeed-hero-25k-910-5954-gaming-red.html,Consultar
123,https://www.infotec.com.pe/64511-home_default/mouse-gaming-razer-basilisk-ultimate-rz0103170100r3u1-led-rgb.jpg,MOUSE GAMING RAZER BASILISK ULTIMATE RZ01_03170100_R3U1...,479.0,125.72178477690288,https://www.infotec.com.pe/mouse-gamer-razer/22995-mouse-gaming-razer-basilisk-ultimate-rz0103170100r3u1-led-rgb-8886419332756.html,Disponible
124,https://www.infotec.com.pe/68130-home_default/mouse-razer-basilisk-ultimate-wireless-hyperspeed-20k-dpi-chroma-cdock-rz01-03170100-r3u1.jpg,MOUSE RAZER BASILISK ULTIMATE WIRELESS HYPERSPEED 20K DPI...,483.0,126.77165354330708,https://www.infotec.com.pe/mouse-gamer/23506-mouse-razer-basilisk-ultimate-wireless-hyperspeed-20k-dpi-chroma-cdock-rz01-03170100-r3u1.html,Disponible
125,https://www.infotec.com.pe/68143-home_default/mouse-razer-deathadder-v3-pro-wireless-rz01-04630100-r3u1-focus-pro-30k-optical-sensor.jpg,MOUSE RAZER DEATHADDER V3 PRO WIRELESS (...,529.0,138.8451443569554,https://www.infotec.com.pe/mouse-gamer/23510-mouse-razer-deathadder-v3-pro-wireless-rz01-04630100-r3u1-focus-pro-30k-optical-sensor-8886419334040.html,Disponible
126,https://www.infotec.com.pe/70251-home_default/mouse-razer-naga-pro-wireless-rz01-03420100-r3u1-20k-dpi.jpg,MOUSE RAZER NAGA PRO WIRELESS (RZ01-03420100-R3U1) 20K DPI,539.0,141.4698162729659,https://www.infotec.com.pe/mouse-gamer-razer/21631-mouse-razer-naga-pro-wireless-rz01-03420100-r3u1-20k-dpi-8886419333029.html,Disponible
